id,name,created_at,size,watchers,forks_count,open_issues_count,license,language
28457823,freeCodeCamp,2014-12-24T17:49:19Z,35704,294105,14510,343,"BSD 3-Clause ""New"" or ""Revised"" License",JavaScript
2126244,bootstrap,2011-07-29T21:19:00Z,126263,127318,62046,504,MIT License,CSS
11730342,vue,2013-07-29T03:24:51Z,23749,113736,16002,309,MIT License,JavaScript
10270250,react,2013-05-24T16:15:54Z,138342,111094,19856,367,MIT License,JavaScript
13491895,free-programming-books,2013-10-11T06:50:37Z,4567,111090,28100,22,Other,null
45717250,tensorflow,2015-11-07T01:19:20Z,255871,109332,67462,1843,Apache License 2.0,C++
21737465,awesome,2014-07-11T13:42:37Z,628,92355,12223,179,null,null
14440270,You-Dont-Know-JS,2013-11-16T02:37:24Z,7328,88239,16669,185,Other,null
943149,d3,2010-09-27T17:22:42Z,35965,78700,19722,6,"BSD 3-Clause ""New"" or ""Revised"" License",JavaScript
291137,oh-my-zsh,2009-08-28T18:15:37Z,4808,76220,15291,909,Other,Shell
6498492,javascript,2012-11-01T23:13:50Z,2797,75892,14526,132,MIT License,JavaScript
1062897,gitignore,2010-11-08T20:17:14Z,1695,72523,33766,158,Creative Commons Zero v1.0 Universal,null
29028775,react-native,2015-01-09T18:10:16Z,263735,68576,15388,881,Other,JavaScript
60493101,coding-interview-university,2016-06-06T02:34:12Z,8839,68424,19632,52,Creative Commons Attribution Share Alike 4.0,null
9384267,electron,2013-04-12T01:47:36Z,42545,64411,8374,1306,MIT License,C++
2325298,linux,2011-09-04T22:48:12Z,2244262,62976,22957,228,Other,C
41881900,vscode,2015-09-03T20:23:38Z,157080,59134,7637,5006,MIT License,TypeScript
460078,angular.js,2010-01-06T00:34:37Z,99306,59106,28983,494,MIT License,JavaScript
3470471,Font-Awesome,2012-02-17T14:19:43Z,71771,57467,9791,4625,Other,JavaScript
85077558,developer-roadmap,2017-03-15T13:45:52Z,6570,56710,8752,140,null,null
63537249,create-react-app,2016-07-17T14:55:11Z,5906,55322,11682,482,MIT License,JavaScript
21289110,awesome-python,2014-06-27T21:00:06Z,3734,55105,10649,371,Other,Python
2561582,animate.css,2011-10-12T10:07:38Z,721,54140,11596,13,MIT License,CSS
27193779,node,2014-11-26T19:57:11Z,412806,53269,11335,873,Other,JavaScript
7691631,moby,2013-01-18T18:10:57Z,138417,50314,14643,3362,Apache License 2.0,Go
167174,jquery,2009-04-03T15:20:14Z,27931,49953,16783,87,MIT License,JavaScript
23088740,axios,2014-08-18T22:30:27Z,2789,48089,3607,393,MIT License,JavaScript
83222441,system-design-primer,2017-02-26T16:15:28Z,4177,47417,6312,52,Other,Python
23096959,go,2014-08-19T04:33:40Z,184392,46776,6382,3866,Other,Go
3228505,atom,2012-01-20T18:18:21Z,302382,46292,9893,809,MIT License,JavaScript
1863329,laravel,2011-06-08T03:06:08Z,9192,45631,14089,28,null,PHP
44838949,swift,2015-10-23T21:15:07Z,337595,45166,7122,384,Apache License 2.0,C++
576201,three.js,2010-03-23T18:58:01Z,681907,44761,16855,720,MIT License,JavaScript
36535156,redux,2015-05-29T23:53:15Z,7045,43917,10925,40,Other,JavaScript
3678731,webpack,2012-03-10T10:08:14Z,17144,43917,5543,508,MIT License,JavaScript
557980,socket.io,2010-03-11T18:24:48Z,12275,43528,8086,319,MIT License,JavaScript
9309093,Semantic-UI,2013-04-08T23:32:04Z,110849,42825,4599,720,MIT License,JavaScript
1861458,reveal.js,2011-06-07T18:54:22Z,8357,42330,12318,374,MIT License,JavaScript
54346799,public-apis,2016-03-20T23:49:42Z,2263,41995,4199,3,null,Python
1039520,youtube-dl,2010-10-31T14:35:07Z,53589,41570,7306,2386,The Unlicense,Python
20580498,kubernetes,2014-06-06T22:56:04Z,808863,41337,14358,3150,Apache License 2.0,Go
486550,html5-boilerplate,2010-01-24T18:03:24Z,13760,41295,9805,9,MIT License,JavaScript
51117837,models,2016-02-05T01:15:20Z,572061,41290,24650,1316,Apache License 2.0,Python
8514,rails,2008-04-11T02:19:47Z,166304,40809,16484,1097,MIT License,Ruby
24195339,angular,2014-09-18T16:12:01Z,85918,40545,9934,2471,MIT License,TypeScript
23083156,material-ui,2014-08-18T19:11:54Z,48777,40268,7542,198,MIT License,JavaScript
3214406,meteor,2012-01-19T01:58:17Z,76827,40252,5010,210,Other,JavaScript
237159,express,2009-06-26T18:56:01Z,8663,40138,7027,177,MIT License,JavaScript
8843683,Chart.js,2013-03-17T23:56:36Z,10121,39282,9028,487,MIT License,JavaScript
22790488,java-design-patterns,2014-08-09T16:45:18Z,18392,38959,12596,183,MIT License,Java
20929025,TypeScript,2014-06-17T15:28:39Z,827907,38887,5540,2928,Apache License 2.0,TypeScript
596892,flask,2010-04-06T11:11:59Z,6328,38717,11280,40,Other,Python
1424470,moment,2011-03-01T02:46:06Z,16989,38552,5763,311,MIT License,JavaScript
14098069,free-programming-books-zh_CN,2013-11-04T01:59:19Z,825,38542,13401,151,GNU General Public License v3.0,JavaScript
132750724,build-your-own-x,2018-05-09T12:03:18Z,784,38381,2412,1,null,null
90796663,puppeteer,2017-05-09T22:16:13Z,4386,38052,3168,226,Apache License 2.0,JavaScript
1334369,resume.github.com,2011-02-06T13:39:55Z,411,37799,996,33,null,JavaScript
1380117,lantern,2011-02-17T22:12:29Z,1151782,37465,8516,2537,Apache License 2.0,Go
44571718,awesome-vue,2015-10-20T00:16:14Z,3476,37378,5150,58,null,null
3544424,httpie,2012-02-25T12:39:13Z,3701,37311,2492,142,Other,Python
33614304,thefuck,2015-04-08T15:08:04Z,2644,37081,1838,157,MIT License,Python
31792824,flutter,2015-03-06T22:54:58Z,46578,37043,3488,3794,Other,Dart
3402537,Front-end-Developer-Interview-Questions,2012-02-09T23:34:10Z,1044,37015,7571,40,MIT License,null
126577260,javascript-algorithms,2018-03-24T07:47:04Z,2261,36700,4463,31,MIT License,JavaScript
35955666,the-art-of-command-line,2015-05-20T15:11:03Z,2509,36531,3624,101,null,null
4164482,django,2012-04-28T02:47:18Z,182266,36354,15575,148,Other,Python
24953448,material-design-icons,2014-10-08T18:01:28Z,47085,35983,7191,495,Apache License 2.0,CSS
211666,node-v0.x-archive,2009-05-27T16:29:46Z,144238,35747,7909,571,null,null
121395510,CS-Notes,2018-02-13T14:56:24Z,56910,35524,10441,5,null,null
65252,jekyll,2008-10-20T06:29:03Z,15157,35391,7783,158,MIT License,Ruby
7508411,RxJava,2013-01-08T20:11:48Z,67811,35338,6107,25,Apache License 2.0,Java
12256376,ionic,2013-08-20T23:06:02Z,88048,35307,11898,1267,Other,TypeScript
21872392,awesome-machine-learning,2014-07-15T19:11:19Z,1602,35272,8661,0,Other,Python
21540759,awesome-go,2014-07-06T13:42:15Z,4341,35059,4514,46,MIT License,Go
101296881,every-programmer-should-know,2017-08-24T13:18:26Z,117,34853,3079,26,Creative Commons Attribution 4.0,null
14747598,json-server,2013-11-27T13:21:13Z,1227,34743,2960,352,MIT License,JavaScript
1181927,bitcoin,2010-12-19T15:16:43Z,113625,34657,20977,837,MIT License,C++
1362490,requests,2011-02-13T18:38:17Z,9763,34563,6366,128,Other,Python
3955647,lodash,2012-04-07T04:11:46Z,44288,34494,3582,2,Other,JavaScript
19415064,computer-science,2014-05-04T00:18:39Z,808,34390,4875,29,MIT License,null
507775,elasticsearch,2010-02-08T13:20:56Z,511595,34312,11643,1644,Other,Java
3100121,nw.js,2012-01-04T06:21:10Z,123398,34287,3781,693,Other,C++
3065454,impress.js,2011-12-28T22:23:19Z,4139,33957,6780,49,MIT License,JavaScript
23974149,materialize,2014-09-12T19:35:38Z,162827,33921,4636,515,MIT License,JavaScript
33015583,keras,2015-03-28T00:35:42Z,11589,33435,12607,1845,Other,Python
34526884,ant-design,2015-04-24T15:37:24Z,283869,33406,10810,285,MIT License,TypeScript
33791743,x64dbg,2015-04-11T20:48:23Z,53949,33289,789,339,GNU General Public License v3.0,C++
49970642,yarn,2016-01-19T17:39:16Z,117997,33065,1901,1415,Other,JavaScript
3638964,ansible,2012-03-06T14:58:02Z,140788,32474,12775,5380,GNU General Public License v3.0,Python
19872456,react-router,2014-05-16T22:22:51Z,9124,32449,6834,56,MIT License,JavaScript
1700621,normalize.css,2011-05-04T10:20:25Z,382,32333,6592,21,MIT License,CSS
46629305,hacker-scripts,2015-11-21T19:05:09Z,84,31933,5655,48,null,JavaScript
4311796,markdown-here,2012-05-13T03:27:22Z,16162,31881,5331,211,MIT License,JavaScript
28428729,awesome-android-ui,2014-12-24T01:45:03Z,775829,31785,8431,15,null,null
10744183,netdata,2013-06-17T18:39:10Z,24575,31766,2693,549,GNU General Public License v3.0,C
1828795,AFNetworking,2011-05-31T21:28:44Z,5532,31517,9660,310,MIT License,Objective-C
156018,redis,2009-03-21T22:32:25Z,74461,31489,12107,1872,"BSD 3-Clause ""New"" or ""Revised"" License",C
15204860,papers-we-love,2013-12-15T14:31:41Z,204707,31483,2982,11,null,null
67274736,element,2016-09-03T06:19:26Z,48586,30739,5965,496,MIT License,Vue
107111421,Front-End-Checklist,2017-10-16T10:12:36Z,2495,30638,2861,12,Creative Commons Zero v1.0 Universal,JavaScript
29268051,material-design-lite,2015-01-14T22:01:33Z,56807,30598,5255,340,Apache License 2.0,HTML
724712,rust,2010-06-16T20:39:03Z,392565,30596,5168,4315,Other,Rust
843222,scikit-learn,2010-08-17T09:43:38Z,94404,30496,15040,1714,Other,Python
11167738,gulp,2013-07-04T05:26:06Z,1078,30274,4401,22,MIT License,JavaScript
9185792,incubator-echarts,2013-04-03T03:18:59Z,149670,29999,8628,2983,Apache License 2.0,JavaScript
50264296,bulma,2016-01-23T23:48:34Z,71506,29783,2342,435,MIT License,CSS
24560307,babel,2014-09-28T13:38:23Z,36152,29581,2996,709,MIT License,JavaScript
892275,retrofit,2010-09-06T21:39:43Z,4773,29521,5662,60,Apache License 2.0,Java
612230,nvm,2010-04-15T17:47:47Z,2281,29513,2777,254,MIT License,Shell
51148780,android-architecture,2016-02-05T13:42:07Z,8199,29340,8270,119,Apache License 2.0,null
2935735,brackets,2011-12-07T21:14:40Z,91023,29180,6326,2310,MIT License,JavaScript
1129010,jQuery-File-Upload,2010-12-01T15:35:32Z,3321,29166,7824,55,MIT License,JavaScript
529502,scrapy,2010-02-22T02:01:14Z,16437,29117,7091,654,Other,Python
23357588,protobuf,2014-08-26T15:52:15Z,49519,29014,8075,469,Other,C++
70107786,next.js,2016-10-05T23:32:51Z,7714,28937,2950,263,MIT License,JavaScript
22458259,Alamofire,2014-07-31T05:56:19Z,6771,28935,5139,34,MIT License,Swift
6296790,spring-boot,2012-10-19T15:02:57Z,80588,28844,20493,376,Apache License 2.0,Java
11180687,hugo,2013-07-04T15:26:26Z,60292,28733,3349,304,Apache License 2.0,Go
5152285,okhttp,2012-07-23T13:42:55Z,18016,28690,6588,173,Apache License 2.0,Java
69629434,freecodecamp.cn,2016-09-30T03:13:43Z,30794,28618,1070,67,Other,CSS
16408992,neovim,2014-01-31T13:39:22Z,73613,28423,2041,898,Other,Vim script
206084,legacy-homebrew,2009-05-20T19:38:37Z,1432774,28355,12889,0,Other,Ruby
54173593,storybook,2016-03-18T04:23:44Z,116802,28268,1979,164,MIT License,JavaScript
26898879,awesome-public-datasets,2014-11-20T06:20:50Z,585,27927,4590,79,MIT License,null
18408635,Apollo-11,2014-04-03T15:45:02Z,2112,27825,3598,48,null,Assembly
2573058,foundation-sites,2011-10-13T23:05:42Z,111207,27618,5823,377,MIT License,HTML
22670857,awesome-react,2014-08-06T05:31:44Z,2181,27610,3130,62,null,null
5108051,opencv,2012-07-19T09:40:17Z,460320,27570,19779,1526,Other,C++
21700699,awesome-ios,2014-07-10T16:03:45Z,7879,27454,4606,4,MIT License,Swift
15653276,android-open-project,2014-01-05T15:20:15Z,2144,27395,11967,11,Apache License 2.0,null
9852918,Ghost,2013-05-04T11:09:13Z,33053,27352,5886,139,MIT License,JavaScript
952189,backbone,2010-09-30T19:41:28Z,26612,27290,5740,80,MIT License,JavaScript
75104123,prettier,2016-11-29T17:13:37Z,24708,27270,1333,403,MIT License,JavaScript
7600409,shadowsocks-windows,2013-01-14T07:54:16Z,9439,27216,10278,89,GNU General Public License v3.0,C#
16752620,gogs,2014-02-12T01:57:08Z,147801,26963,3125,650,MIT License,Go
20300177,guava,2014-05-29T16:23:17Z,230946,26834,6092,768,Apache License 2.0,Java
26500787,FiraCode,2014-11-11T19:32:38Z,33940,26709,822,200,Other,Clojure
4086616,shadowsocks,2012-04-20T13:10:49Z,934,26643,16573,362,null,Python
99598595,parcel,2017-08-07T16:36:47Z,3085,26459,1090,478,MIT License,JavaScript
10187082,pm2,2013-05-21T03:25:25Z,11602,26201,1827,513,Other,JavaScript
7569578,discourse,2013-01-12T00:25:55Z,233996,26044,6174,24,Other,Ruby
1200050,phantomjs,2010-12-27T08:18:58Z,165237,25951,5559,1828,"BSD 3-Clause ""New"" or ""Revised"" License",HTML
81975372,interviews,2017-02-14T18:19:25Z,19532,25931,4679,22,MIT License,Java
21737266,awesome-nodejs,2014-07-11T13:35:34Z,1315,25910,3204,36,null,null
18708860,github-cheat-sheet,2014-04-12T16:38:42Z,718,25896,3956,9,MIT License,null
55076063,Awesome-Hacking,2016-03-30T15:47:10Z,144,25777,3968,0,Creative Commons Zero v1.0 Universal,null
36633370,awesome-selfhosted,2015-06-01T02:33:17Z,3683,25766,2101,62,Other,JavaScript
26689598,awesome-courses,2014-11-15T18:36:49Z,1152,25585,5209,34,null,null
12791642,caffe,2013-09-12T18:39:48Z,67255,25529,15590,821,Other,C++
34302698,serverless,2015-04-21T03:48:40Z,79623,25499,2730,666,MIT License,JavaScript
133442384,deno,2018-05-15T01:34:26Z,1213,25481,1189,76,MIT License,TypeScript
36040894,gatsby,2015-05-21T22:43:05Z,422011,25479,2843,660,MIT License,JavaScript
62367558,hyper,2016-07-01T06:01:21Z,5776,25379,2022,576,MIT License,JavaScript
5271882,build-web-application-with-golang,2012-08-02T11:49:35Z,48081,25020,7185,97,"BSD 3-Clause ""New"" or ""Revised"" License",Go
17375436,es6features,2014-03-03T18:29:30Z,199,24976,2409,38,MIT License,null
21413198,immutable-js,2014-07-02T06:02:29Z,21160,24971,1468,100,MIT License,JavaScript
45986162,TensorFlow-Examples,2015-11-11T14:21:19Z,5712,24926,9351,139,Other,Jupyter Notebook
15428480,AdminLTE,2013-12-25T02:52:40Z,57823,24882,9563,296,MIT License,HTML
10865436,frontend-dev-bookmarks,2013-06-22T13:23:55Z,1048,24781,4163,104,null,null
29290473,XX-Net,2015-01-15T09:35:51Z,38849,24670,7056,7208,null,Python
698041,async,2010-06-01T21:01:30Z,5041,24611,2246,9,MIT License,JavaScript
12972263,fullPage.js,2013-09-20T11:58:29Z,13196,24598,6087,131,GNU General Public License v3.0,JavaScript
14370955,hackathon-starter,2013-11-13T17:24:12Z,11327,24564,4692,16,MIT License,CSS
12820537,slate,2013-09-13T22:15:24Z,1082,24489,14306,33,Other,JavaScript
11177928,Projects,2013-07-04T13:37:27Z,10204,24461,8401,45,MIT License,null
128398636,architect-awesome,2018-04-06T13:30:58Z,391,24380,6718,24,null,null
1844251,todomvc,2011-06-03T19:56:33Z,64285,24326,13134,153,Other,JavaScript
40416236,big-list-of-naughty-strings,2015-08-08T20:57:20Z,222,24152,1001,44,MIT License,Python
56717493,HEAD,2016-04-20T20:05:37Z,313,24147,1714,10,null,null
3432266,kotlin,2012-02-13T17:29:58Z,497216,24138,2774,115,null,Kotlin
25315643,nylas-mail,2014-10-16T18:29:12Z,87026,24121,1323,1046,MIT License,JavaScript
22362099,angular-styleguide,2014-07-29T00:07:51Z,4140,24053,4556,74,MIT License,null
36502,git,2008-07-23T14:21:26Z,108739,24051,13982,159,Other,C
19148949,MPAndroidChart,2014-04-25T14:29:47Z,21025,24024,6461,1471,Apache License 2.0,Java
10788737,android_guides,2013-06-19T10:24:45Z,1090,23821,5827,123,MIT License,null
15111821,grafana,2013-12-11T15:59:56Z,185920,23785,4265,1456,Apache License 2.0,TypeScript
120538304,nocode,2018-02-06T23:54:00Z,5,23734,2028,2356,Apache License 2.0,Dockerfile
349241,underscore,2009-10-25T18:31:06Z,4683,23652,5298,112,MIT License,JavaScript
42751014,clipboard.js,2015-09-18T23:04:55Z,1647,23550,2528,36,null,JavaScript
5923215,hexo,2012-09-23T15:17:08Z,5862,23506,3255,214,MIT License,JavaScript
1148753,spring-framework,2010-12-08T04:04:45Z,114859,23505,15009,173,null,Java
1663468,pdf.js,2011-04-26T06:32:03Z,81328,23376,5723,713,Apache License 2.0,JavaScript
53809090,anime,2016-03-13T21:37:45Z,9590,23261,1691,108,MIT License,JavaScript
11267509,glide,2013-07-08T22:52:33Z,56791,23201,4467,131,Other,Java
26516210,certbot,2014-11-12T02:52:20Z,19786,23192,2270,1041,Other,Python
27442967,fastlane,2014-12-02T17:00:38Z,63643,23083,3509,257,MIT License,Ruby
11551538,koa,2013-07-20T18:53:45Z,1968,23021,2074,58,MIT License,JavaScript
317757,Modernizr,2009-09-25T20:13:23Z,36105,22954,3004,181,Other,JavaScript
62607227,tech-interview-handbook,2016-07-05T05:00:48Z,293,22917,2770,5,MIT License,JavaScript
3620194,select2,2012-03-04T18:43:12Z,9783,22794,5290,567,MIT License,JavaScript
931135,Leaflet,2010-09-22T16:57:44Z,47580,22705,3761,365,Other,JavaScript
83999700,Best-websites-a-programmer-should-visit,2017-03-05T20:25:17Z,818,22560,2449,57,MIT License,null
9393759,phaser,2013-04-12T12:27:51Z,278949,22555,5646,103,MIT License,JavaScript
667006,video.js,2010-05-14T18:45:10Z,118670,22464,5624,177,Other,JavaScript
70198875,lottie-android,2016-10-06T22:42:42Z,128325,22427,3486,33,Apache License 2.0,Java
18049133,slick,2014-03-24T02:10:05Z,3641,22426,4282,902,MIT License,JavaScript
21600440,awesome-awesomeness,2014-07-08T05:44:19Z,201,22138,2842,5,null,Ruby
77189043,vue2-elm,2016-12-23T01:49:20Z,29301,22100,7515,18,GNU General Public License v2.0,Vue
82227585,design-patterns-for-humans,2017-02-16T21:24:39Z,165,22100,1965,10,null,null
63266213,og-aws,2016-07-13T17:30:16Z,6389,22079,1831,112,Creative Commons Attribution 4.0,Shell
8575137,butterknife,2013-03-05T08:18:59Z,3778,22058,4296,87,Apache License 2.0,Java
14712850,syncthing,2013-11-26T09:48:21Z,97236,21868,1859,245,Mozilla Public License 2.0,Go
6452529,rethinkdb,2012-10-30T05:37:47Z,272539,21796,1738,1451,Apache License 2.0,C++
1631024,chosen,2011-04-18T15:07:41Z,3012,21795,4197,236,Other,HTML
14194174,what-happens-when,2013-11-07T04:30:06Z,249,21785,1510,115,null,null
112507086,30-seconds-of-code,2017-11-29T17:35:03Z,11655,21683,2217,10,Creative Commons Zero v1.0 Universal,JavaScript
4710920,incubator-dubbo,2012-06-19T07:56:02Z,12003,21476,14841,272,Apache License 2.0,Java
32948863,awesome-react-native,2015-03-26T19:58:06Z,2601,21234,2599,47,null,Ruby
2500088,gitlabhq,2011-10-02T16:25:27Z,375825,21178,5486,30,MIT License,Ruby
22887094,tesseract,2014-08-12T18:04:59Z,41529,20981,4178,301,Other,C++
63539055,awesome-mac,2016-07-17T15:33:47Z,2908,20875,2527,28,Creative Commons Zero v1.0 Universal,HTML
481366,gitflow,2010-01-20T23:14:12Z,5251,20739,2198,297,Other,Shell
39464018,incubator-superset,2015-07-21T18:55:34Z,92355,20649,3662,935,Apache License 2.0,JavaScript
15452919,go-ethereum,2013-12-26T13:05:46Z,94464,20638,7059,895,GNU Lesser General Public License v3.0,Go
34824499,leakcanary,2015-04-29T23:54:16Z,25093,20591,3192,31,Apache License 2.0,Java
1283503,request,2011-01-23T01:25:14Z,2362,20588,2440,736,Apache License 2.0,JavaScript
313419,SDWebImage,2009-09-21T17:39:19Z,10453,20455,5266,20,MIT License,Objective-C
10446890,ijkplayer,2013-06-03T04:12:04Z,7987,20454,5561,2013,Other,C
20904437,gin,2014-06-16T23:57:25Z,1924,20423,2409,162,MIT License,Go
15062869,jest,2013-12-10T00:18:04Z,108111,20311,2651,478,Other,JavaScript
47018239,awesome-interview-questions,2015-11-28T09:48:17Z,222,20298,2584,1,null,null
22119721,git-flight-rules,2014-07-22T20:35:09Z,378,20256,1195,9,Creative Commons Attribution Share Alike 4.0,null
11225014,etcd,2013-07-06T21:57:21Z,45790,20249,4055,285,Apache License 2.0,Go
25136308,fetch,2014-10-13T00:26:19Z,436,20231,1776,12,MIT License,JavaScript
5483330,you-get,2012-08-20T15:53:36Z,2920,20208,4117,306,Other,Python
5532320,polymer,2012-08-23T20:56:30Z,27159,20174,1966,236,Other,HTML
7741856,pixi.js,2013-01-21T22:40:50Z,68538,20108,3025,297,MIT License,JavaScript
42283287,preact,2015-09-11T02:40:18Z,1408,20056,1008,169,MIT License,JavaScript
28167802,weui,2014-12-18T04:09:54Z,6556,20022,5309,93,Other,CSS
1801829,ember.js,2011-05-25T23:39:40Z,68956,19982,4030,389,MIT License,JavaScript
2562751,zxing,2011-10-12T14:07:27Z,239588,19946,7671,13,Apache License 2.0,Java
64558143,AndroidUtilCode,2016-07-30T18:18:32Z,31914,19932,6561,17,Apache License 2.0,Java
2329766,dotfiles,2011-09-05T18:07:54Z,814,19902,7245,160,MIT License,Shell
70431106,machine-learning-for-software-engineers,2016-10-09T21:20:25Z,527,19891,4312,7,Creative Commons Attribution Share Alike 4.0,null
26066727,mermaid,2014-11-01T23:52:32Z,31081,19830,1128,197,MIT License,JavaScript
75830968,deeplearningbook-chinese,2016-12-07T11:46:51Z,7982,19825,5984,37,null,TeX
35866694,Rocket.Chat,2015-05-19T07:36:09Z,78638,19812,4195,2151,MIT License,JavaScript
15585444,Hover,2014-01-02T14:27:35Z,962,19806,4328,21,Other,CSS
30969188,react-boilerplate,2015-02-18T14:36:32Z,5576,19732,3688,35,MIT License,JavaScript
42956467,awesome-macos-command-line,2015-09-22T19:37:55Z,420,19713,1078,2,Creative Commons Attribution Share Alike 4.0,null
81598961,cpython,2017-02-10T19:23:51Z,248881,19707,6754,875,Other,Python
14705691,awesome-php,2013-11-26T03:14:19Z,1064,19688,3864,136,Do What The F*ck You Want To Public License,null
41058054,CppCoreGuidelines,2015-08-19T20:22:52Z,23257,19666,2487,108,Other,Python
14098121,500lines,2013-11-04T02:02:53Z,60078,19634,4566,45,Other,JavaScript
3757512,sails,2012-03-18T19:46:15Z,11902,19610,1828,159,MIT License,JavaScript
8681349,huginn,2013-03-10T06:00:31Z,7433,19601,2155,313,MIT License,Ruby
5239185,quill,2012-07-30T23:23:18Z,12875,19600,1433,417,"BSD 3-Clause ""New"" or ""Revised"" License",JavaScript
36891867,angular-cli,2015-06-04T19:49:37Z,14968,19527,4398,1483,MIT License,TypeScript
23069399,bootstrap-material-design,2014-08-18T11:54:00Z,42931,19508,3288,39,Other,CSS
32484381,free-for-dev,2015-03-18T21:06:26Z,1222,19418,2141,19,null,null
3122202,RxJS,2012-01-07T00:31:41Z,67978,19349,2261,288,Other,JavaScript
1903522,php-src,2011-06-16T01:52:25Z,322093,19315,4983,165,Other,C
13078968,postcss,2013-09-24T23:06:48Z,4255,19286,1066,11,MIT License,JavaScript
74791366,clean-code-javascript,2016-11-25T22:25:41Z,310,19273,1962,27,MIT License,JavaScript
18275356,pop,2014-03-30T22:29:12Z,642,19248,2880,51,Other,Objective-C++
5070389,EventBus,2012-07-16T16:55:40Z,1553,19227,4139,95,Apache License 2.0,Java
88464704,vue-element-admin,2017-04-17T03:35:49Z,14191,19221,5849,105,MIT License,Vue
32578467,Charts,2015-03-20T10:49:12Z,153678,19179,3672,388,Apache License 2.0,Swift
18280236,gitbook,2014-03-31T03:01:56Z,8620,19157,2609,953,Apache License 2.0,JavaScript
70905478,Deep-Learning-Papers-Reading-Roadmap,2016-10-14T11:49:48Z,3626,19139,4206,62,null,Python
29891188,standard,2015-01-27T01:23:31Z,2182,19103,1433,82,MIT License,JavaScript
308770,devise,2009-09-16T12:15:12Z,5078,19080,4478,63,MIT License,Ruby
24635156,sweetalert,2014-09-30T11:12:48Z,3599,19066,2583,99,MIT License,TypeScript
9603240,pure,2013-04-22T16:16:39Z,442,19030,2028,38,Other,HTML
3606624,ReactiveCocoa,2012-03-02T22:11:24Z,16990,19011,3488,42,Other,Swift
65794292,styled-components,2016-08-16T06:41:32Z,4888,19005,1122,76,MIT License,JavaScript
3602123,hammer.js,2012-03-02T12:58:28Z,10192,18968,2491,249,MIT License,JavaScript
32665718,upterm,2015-03-22T07:00:24Z,7733,18955,604,216,MIT License,TypeScript
52631841,realworld,2016-02-26T20:49:53Z,2612,18916,1185,121,MIT License,JavaScript
6838921,prometheus,2012-11-24T11:14:12Z,40688,18802,2514,299,Apache License 2.0,Go
13840241,devdocs,2013-10-24T18:16:07Z,22569,18751,1196,89,Other,Ruby
17165658,spark,2014-02-25T08:00:08Z,281580,18746,16883,496,Apache License 2.0,Scala
65600975,pytorch,2016-08-13T05:26:41Z,74127,18601,4447,1729,Other,C++
458058,symfony,2010-01-04T14:21:21Z,124517,18547,6392,916,MIT License,PHP
15019962,tldr,2013-12-08T07:34:43Z,3433,18453,1350,74,MIT License,Python
18511024,web-starter-kit,2014-04-07T08:45:18Z,10187,18388,3156,65,Apache License 2.0,HTML
29207621,caddy,2015-01-13T19:45:03Z,7699,18356,1409,128,Apache License 2.0,Go
113752225,profile-summary-for-github,2017-12-10T13:29:15Z,3180,18271,350,10,Apache License 2.0,Kotlin
995750,Vundle.vim,2010-10-17T23:17:53Z,933,18264,2131,167,MIT License,Vim script
18840003,react-starter-kit,2014-04-16T13:08:18Z,3732,18244,3704,481,MIT License,JavaScript
29887499,open-source-ios-apps,2015-01-26T23:32:34Z,6008,18210,3014,3,MIT License,Swift
50447720,swift-algorithm-club,2016-01-26T17:56:12Z,13428,18209,2945,49,MIT License,Swift
28751632,linux-insides,2015-01-03T18:44:57Z,6612,18191,1932,17,null,Python
1028340,ace,2010-10-27T10:43:36Z,37101,18169,4109,627,Other,JavaScript
20429943,the-swift-programming-language-in-chinese,2014-06-03T04:44:09Z,25118,18132,4894,58,null,CSS
33895378,dragula,2015-04-13T21:35:38Z,1831,18115,1468,187,MIT License,JavaScript
3755875,skrollr,2012-03-18T15:41:35Z,1659,18072,3510,262,MIT License,HTML
873328,sentry,2010-08-30T22:06:41Z,92334,18047,2085,815,"BSD 3-Clause ""New"" or ""Revised"" License",Python
122692377,hangzhou_house_knowledge,2018-02-24T01:54:18Z,169075,18023,3814,102,null,CSS
21648001,awesome-java,2014-07-09T10:12:43Z,1408,17926,4155,9,Other,null
3431083,GPUImage,2012-02-13T15:20:02Z,44862,17926,4328,958,"BSD 3-Clause ""New"" or ""Revised"" License",Objective-C
95876775,project-guidelines,2017-06-30T10:17:55Z,323,17892,1669,11,MIT License,JavaScript
26783295,kong,2014-11-17T23:56:08Z,9829,17744,2067,283,Other,Lua
25880891,flow,2014-10-28T17:17:45Z,41531,17743,1480,2487,MIT License,OCaml
60710553,security-guide-for-developers,2016-06-08T15:56:25Z,5838,17705,1207,15,null,null
68957920,awesome-wechat-weapp,2016-09-22T20:04:48Z,504,17691,3803,3,GNU General Public License v3.0,JavaScript
13584262,webtorrent,2013-10-15T08:16:40Z,6884,17678,1688,86,MIT License,JavaScript
16677706,awesome-sysadmin,2014-02-09T22:39:20Z,592,17607,2891,218,Other,null
7190986,shadowsocks-android,2012-12-16T13:40:29Z,52412,17580,7502,11,Other,Kotlin
3721224,swiper,2012-03-14T19:11:45Z,51441,17535,6234,93,MIT License,JavaScript
42408804,traefik,2015-09-13T19:04:02Z,31229,17522,1774,294,MIT License,Go
69798748,js-stack-from-scratch,2016-10-02T13:31:23Z,1800,17498,1699,49,MIT License,JavaScript
103953059,modern-js-cheatsheet,2017-09-18T14:56:00Z,309,17453,1501,6,MIT License,null
20965586,SwiftyJSON,2014-06-18T14:41:15Z,1028,17424,2898,74,MIT License,Swift
14807173,How-to-Make-a-Computer-Operating-System,2013-11-29T17:36:32Z,5986,17422,3071,71,Apache License 2.0,C
64355429,iview,2016-07-28T01:52:59Z,19806,17396,2868,669,Other,Vue
6093316,DefinitelyTyped,2012-10-05T16:39:45Z,353472,17378,14514,2400,Other,TypeScript
2096579,marked,2011-07-24T13:15:51Z,1457,17330,2345,91,Other,JavaScript
18347476,iosched,2014-04-01T22:40:40Z,49936,17322,5611,15,Apache License 2.0,Kotlin
4037197,YouCompleteMe,2012-04-16T03:12:14Z,34317,17310,1957,55,GNU General Public License v3.0,Python
3774328,wrk,2012-03-20T11:12:28Z,20080,17306,1411,91,Other,C
12670444,bluebird,2013-09-07T19:39:57Z,14540,17301,2175,108,MIT License,JavaScript
2541284,cheerio,2011-10-09T04:23:20Z,1643,17292,1161,194,MIT License,JavaScript
1644196,julia,2011-04-21T07:01:50Z,455440,17258,2907,2756,Other,Julia
21481439,hosts,2014-07-04T01:05:27Z,8892,17244,8657,3,MIT License,Rascal
2579314,Faker,2011-10-14T22:49:02Z,7893,17227,2191,130,Other,PHP
481872,vagrant,2010-01-21T08:34:27Z,21445,17225,3524,437,MIT License,Ruby
734934,pug,2010-06-23T01:05:42Z,14282,17222,1856,196,null,JavaScript
103633984,nodebestpractices,2017-09-15T08:33:19Z,47959,17166,1114,43,Creative Commons Attribution Share Alike 4.0,null
1580851,PhotoSwipe,2011-04-07T05:46:29Z,28118,17152,2542,471,MIT License,JavaScript
4578002,python-patterns,2012-06-06T21:02:35Z,3456,17140,3863,6,null,Python
8686855,intro.js,2013-03-10T15:12:45Z,6825,17104,2177,301,Other,HTML
27729880,grpc,2014-12-08T18:58:53Z,192233,17085,3887,1057,Apache License 2.0,C++
53658802,weex,2016-03-11T10:18:11Z,136637,17062,2170,542,null,null
321278,npm,2009-09-29T17:21:24Z,47202,16993,3169,2167,null,null
12244426,nprogress,2013-08-20T13:58:02Z,344,16956,1483,111,MIT License,JavaScript
22374063,android-best-practices,2014-07-29T09:09:44Z,596,16926,3047,24,Other,null
3577919,beego,2012-02-29T02:32:08Z,7399,16915,3583,566,Other,Go
19141383,blog,2014-04-25T09:44:42Z,18911,16913,2005,12,null,null
597879,mongoose,2010-04-06T21:39:05Z,43914,16872,2444,329,null,JavaScript
39176269,vuex,2015-07-16T04:21:26Z,13365,16805,5335,101,MIT License,JavaScript
38558578,nativefier,2015-07-05T05:56:42Z,4618,16791,884,115,MIT License,JavaScript
3428345,fastclick,2012-02-13T08:38:00Z,316,16787,2919,279,MIT License,HTML
83844720,face_recognition,2017-03-03T21:52:39Z,103793,16775,3997,164,MIT License,Python
13807606,fzf,2013-10-23T16:04:23Z,2627,16754,644,100,MIT License,Go
11570469,Masonry,2013-07-22T01:15:48Z,767,16748,3080,99,MIT License,Objective-C
32215970,mobx,2015-03-14T14:31:38Z,18237,16741,978,51,MIT License,JavaScript
23095954,RxAndroid,2014-08-19T03:46:38Z,834,16736,2678,2,Apache License 2.0,Java
23736449,particles.js,2014-09-06T14:29:47Z,158,16733,2780,235,MIT License,JavaScript
11620669,CodeHub,2013-07-23T22:19:57Z,75304,16710,482,174,null,C#
12888993,home-assistant,2013-09-17T07:29:48Z,88185,16664,4898,859,Apache License 2.0,Python
15634981,godot,2014-01-04T16:05:36Z,262360,16575,3408,4023,Other,C++
2234102,CodeIgniter,2011-08-19T13:34:00Z,51387,16523,7504,77,MIT License,PHP
35969061,styleguide,2015-05-20T19:18:59Z,1922,16484,5404,214,null,HTML
301742,tornado,2009-09-09T04:55:16Z,8133,16469,4694,149,Apache License 2.0,Python
21399598,material,2014-07-01T19:20:06Z,47188,16315,3553,610,MIT License,JavaScript
2862290,Android-Universal-Image-Loader,2011-11-27T18:48:23Z,25335,16274,6427,457,Apache License 2.0,Java
45512989,gold-miner,2015-11-04T03:29:13Z,36245,16243,2787,32,null,null
15975439,scrollreveal,2014-01-16T17:37:20Z,1092,16233,1953,7,null,JavaScript
1451352,mocha,2011-03-07T18:44:25Z,9780,16199,2230,306,MIT License,JavaScript
105919803,Detectron,2017-10-05T17:32:00Z,4258,16182,3206,151,Apache License 2.0,Python
60325062,awesome-deep-learning-papers,2016-06-03T06:48:30Z,143,16182,3021,23,null,TeX
10567197,dokku,2013-06-08T10:26:57Z,5783,16147,1365,35,MIT License,Shell
18477927,nightmare,2014-04-05T22:19:51Z,2469,16130,979,100,null,JavaScript
1413492,jquery-pjax,2011-02-26T02:44:18Z,911,16119,2078,83,MIT License,JavaScript
1864363,composer,2011-06-08T08:53:00Z,13056,16097,5262,319,MIT License,PHP
41717707,neural-style,2015-09-01T04:55:14Z,48191,16073,2453,305,MIT License,Lua
1685764,Skeleton,2011-04-30T20:04:24Z,6398,15986,2800,126,MIT License,CSS
858127,pandas,2010-08-24T01:37:33Z,130440,15972,6417,2788,"BSD 3-Clause ""New"" or ""Revised"" License",Python
10057936,picasso,2013-05-14T15:07:47Z,4175,15964,3887,161,Apache License 2.0,Java
2810455,the_silver_searcher,2011-11-19T19:50:47Z,2385,15934,983,392,Apache License 2.0,C
48626335,vue-cli,2015-12-26T23:11:20Z,8434,15915,2417,147,MIT License,JavaScript
8768406,autoprefixer,2013-03-14T05:04:51Z,3296,15907,956,8,MIT License,JavaScript
7212645,spacemacs,2012-12-17T21:34:03Z,40759,15897,4006,2118,null,Emacs Lisp
8859474,jadx,2013-03-18T17:08:21Z,10919,15881,1611,129,Apache License 2.0,Java
958314,nodemon,2010-10-03T12:50:52Z,1685,15871,1068,13,null,JavaScript
117372806,front-end-interview-handbook,2018-01-13T19:40:08Z,1073,15848,1763,10,MIT License,JavaScript
2246815,DesignPatternsPHP,2011-08-22T05:24:31Z,4050,15827,3393,0,MIT License,PHP
790359,sequelize,2010-07-22T07:11:11Z,23009,15811,2608,352,MIT License,JavaScript
119811010,tabler,2018-02-01T09:08:59Z,18561,15794,1294,89,MIT License,JavaScript
7607075,Probabilistic-Programming-and-Bayesian-Methods-for-Hackers,2013-01-14T15:46:28Z,100934,15789,4976,115,MIT License,Jupyter Notebook
527644,less.js,2010-02-20T17:25:38Z,11893,15718,3455,120,Apache License 2.0,JavaScript
49016322,material2,2016-01-04T18:50:02Z,19249,15711,3957,1241,MIT License,TypeScript
18044526,streisand,2014-03-23T21:56:19Z,3365,15653,1319,86,Other,Shell
1064563,netty,2010-11-09T09:22:21Z,52228,15642,6872,374,Apache License 2.0,Java
35658863,gentelella,2015-05-15T06:57:27Z,29183,15612,5133,59,MIT License,HTML
63484632,fastText,2016-07-16T13:38:42Z,7778,15593,2860,171,Other,HTML
16607898,drone,2014-02-07T07:54:44Z,24249,15579,1606,122,Other,Go
1254497,CodeMirror,2011-01-14T13:44:03Z,15998,15572,3582,271,MIT License,JavaScript
22046023,flux,2014-07-20T23:33:08Z,1337,15564,3639,13,Other,JavaScript
50603846,parse-server,2016-01-28T18:29:14Z,7088,15526,4040,254,Other,JavaScript
455600,hhvm,2010-01-02T01:17:06Z,313193,15515,2782,829,Other,C++
50151075,react-redux-links,2016-01-22T02:10:28Z,1300,15503,1440,17,null,null
21696302,awesome-swift,2014-07-10T14:04:09Z,4125,15497,2185,2,Creative Commons Zero v1.0 Universal,Swift
1357796,emscripten,2011-02-12T05:23:30Z,165261,15478,1800,1580,Other,C
11276147,cmder,2013-07-09T07:44:22Z,2124,15455,1081,278,MIT License,C++
34453060,awesome-electron,2015-04-23T11:48:53Z,425,15427,1374,16,null,null
667561,faker.js,2010-05-15T00:53:07Z,10064,15406,1232,231,Other,JavaScript
8297888,typeahead.js,2013-02-19T19:45:01Z,6152,15376,3254,480,MIT License,JavaScript
1481305,python-guide,2011-03-15T03:24:20Z,6531,15344,4594,72,Other,Batchfile
21393871,awesome-javascript,2014-07-01T15:59:02Z,639,15334,2193,174,null,null
15150300,SpinKit,2013-12-12T23:29:41Z,1017,15323,1456,22,MIT License,CSS
79527893,hyperapp,2017-01-20T05:20:21Z,1555,15312,695,26,MIT License,JavaScript
5710341,bower,2012-09-07T00:15:39Z,4280,15300,2002,213,MIT License,JavaScript
21935031,awesome-cpp,2014-07-17T08:51:11Z,1298,15297,2860,161,Other,null
61893399,awesome-react-components,2016-06-24T15:19:33Z,169,15291,1067,14,Creative Commons Zero v1.0 Universal,null
48378947,frp,2015-12-21T15:24:59Z,11406,15182,2707,31,Apache License 2.0,Go
34864402,incubator-mxnet,2015-04-30T16:21:15Z,42717,15179,5493,912,Apache License 2.0,Python
34757182,interactive-coding-challenges,2015-04-28T21:36:39Z,7567,15138,2058,37,Other,Python
6007295,jieba,2012-09-29T07:52:01Z,44225,15125,4179,424,MIT License,Python
18611173,velocity,2014-04-09T20:02:38Z,7348,15125,1447,31,MIT License,JavaScript
52281283,mastodon,2016-02-22T15:01:25Z,63075,15118,2682,1079,GNU Affero General Public License v3.0,Ruby
45942274,enzyme,2015-11-10T21:45:38Z,5257,15117,1634,126,MIT License,JavaScript
46918116,CNTK,2015-11-26T09:52:06Z,706407,15095,4024,583,Other,C++
47071941,redux-saga,2015-11-29T16:58:12Z,7167,15048,1281,58,Other,JavaScript
15183485,The-Art-Of-Programming-By-July,2013-12-14T10:00:06Z,27451,14937,6012,63,null,C
31533997,fresco,2015-03-02T09:58:04Z,65291,14916,3598,70,MIT License,Java
37246537,react-motion,2015-06-11T07:38:23Z,4767,14905,755,156,MIT License,JavaScript
55886798,BaseRecyclerViewAdapterHelper,2016-04-10T07:40:11Z,63985,14901,3189,93,null,Java
6766558,Hystrix,2012-11-19T20:14:46Z,9602,14883,3023,266,Apache License 2.0,Java
2700474,fastjson,2011-11-03T06:58:52Z,12100,14876,4376,757,Other,Java
23405758,leveldb,2014-08-27T21:17:52Z,1177,14875,3621,181,"BSD 3-Clause ""New"" or ""Revised"" License",C++
41986369,tidb,2015-09-06T04:01:52Z,82102,14867,2086,536,Apache License 2.0,Go
42920477,layui,2015-09-22T08:12:03Z,5057,14865,4338,236,MIT License,JavaScript
441269,coffeescript,2009-12-18T01:39:53Z,25835,14859,1986,31,MIT License,CoffeeScript
49910095,vapor,2016-01-18T22:37:52Z,14529,14838,909,70,MIT License,Swift
70198664,lottie-ios,2016-10-06T22:38:38Z,34625,14834,1992,174,Apache License 2.0,Objective-C
74697963,Hero,2016-11-24T18:49:37Z,28683,14789,1135,130,MIT License,Swift
215047,MBProgressHUD,2009-05-31T21:45:41Z,1194,14778,3432,48,MIT License,Objective-C
26295345,corefx,2014-11-06T23:42:48Z,187381,14763,4295,2508,Other,C#
538746,ruby,2010-02-27T15:55:23Z,182689,14753,3983,161,Other,Ruby
32247847,rxjs,2015-03-15T06:17:10Z,101535,14744,1468,246,Apache License 2.0,TypeScript
4484451,vimrc,2012-05-29T16:19:29Z,14049,14731,4346,67,MIT License,Vim script
31492490,NativeScript,2015-03-01T09:47:08Z,28604,14716,1100,362,Apache License 2.0,TypeScript
71995937,nuxt.js,2016-10-26T11:18:47Z,6131,14713,1173,110,Other,JavaScript
26820798,ava,2014-11-18T17:20:26Z,7655,14683,878,149,MIT License,JavaScript
108252892,proxyee-down,2017-10-25T10:07:27Z,8272,14682,2598,51,Apache License 2.0,Java
6094683,bootstrap,2012-10-05T18:27:01Z,9938,14674,7359,345,MIT License,JavaScript
26554,reddit,2008-06-18T23:30:53Z,40093,14657,2715,303,Other,Python
23044617,popmotion,2014-08-17T16:23:07Z,43576,14654,522,34,null,JavaScript
98029592,learn-regex,2017-07-22T12:21:03Z,496,14621,1403,25,MIT License,null
23783375,ResumeSample,2014-09-08T08:08:13Z,25,14576,5457,7,null,null
53370988,lighthouse,2016-03-08T01:03:11Z,23815,14561,4433,366,Apache License 2.0,JavaScript
60844036,ShadowsocksX-NG,2016-06-10T11:49:00Z,12325,14539,4335,257,GNU General Public License v3.0,Swift
108110,mongo,2009-01-15T16:15:18Z,419425,14521,3731,34,Other,C++
35133520,mostly-adequate-guide,2015-05-06T01:44:15Z,5151,14514,1157,27,Other,JavaScript
72103891,jstraining,2016-10-27T12:00:26Z,4085,14445,4050,0,null,null
33569135,RxSwift,2015-04-07T21:25:17Z,12530,14416,2309,31,Other,Swift
23141830,normalizr,2014-08-20T08:41:38Z,1400,14386,587,12,MIT License,JavaScript
2278524,hubot,2011-08-27T08:30:59Z,1987,14380,3385,47,MIT License,JavaScript
887025,q,2010-09-04T01:21:12Z,1364,14368,1224,118,MIT License,JavaScript
5373551,libgdx,2012-08-10T19:34:38Z,1001483,14349,5732,315,Other,Java
5448530,ratchet,2012-08-17T05:41:57Z,16494,14343,1538,228,MIT License,CSS
8900723,ngrok,2013-03-20T09:37:43Z,858,14323,2377,121,Other,Go
3482588,SecLists,2012-02-19T01:30:18Z,455574,14322,5014,3,MIT License,PHP
2371106,ruby-style-guide,2011-09-12T13:03:05Z,926,14321,3205,117,null,null
13124802,influxdb,2013-09-26T14:31:10Z,66916,14296,2082,836,Other,Go
15308499,Sortable,2013-12-19T10:10:13Z,1135,14283,2187,271,null,JavaScript
20270252,feather,2014-05-28T19:49:55Z,14935,14283,491,188,MIT License,JavaScript
22657662,docker-cheat-sheet,2014-08-05T20:04:20Z,654,14279,2492,5,null,null
93152223,SmartRefreshLayout,2017-06-02T09:52:50Z,247907,14249,2958,28,Apache License 2.0,Java
16563587,cockroach,2014-02-06T00:18:47Z,1036051,14243,1502,1958,Other,Go
1800198,idiomatic.js,2011-05-25T17:48:59Z,1042,14208,1827,55,Other,null
26102180,material-dialogs,2014-11-03T03:21:42Z,183232,14198,2525,3,Apache License 2.0,Kotlin
8538132,Flat-UI,2013-03-03T15:36:49Z,36101,14174,2482,7,MIT License,CSS
128907699,dayjs,2018-04-10T09:26:44Z,3592,14168,571,75,MIT License,JavaScript
37958358,tesseract.js,2015-06-24T02:49:52Z,19424,14137,894,140,Apache License 2.0,JavaScript
2540368,passport,2011-10-08T22:38:32Z,398,14124,858,302,MIT License,JavaScript
16722900,ipfs,2014-02-11T07:28:24Z,2307,14094,890,119,MIT License,null
37382858,engineering-blogs,2015-06-13T18:25:17Z,1383,14028,1608,14,null,Ruby
40997482,vim,2015-08-18T21:03:56Z,84408,14012,1784,785,null,C
924303,zepto,2010-09-20T07:57:57Z,8258,14011,3959,82,MIT License,HTML
51728141,vux,2016-02-15T03:23:27Z,31473,13984,3104,389,MIT License,Vue
53238813,brew,2016-03-06T05:08:38Z,25629,13974,3167,32,"BSD 2-Clause ""Simplified"" License",Ruby
3422939,dropzone,2012-02-12T16:19:18Z,4209,13969,3195,854,Other,JavaScript
12774825,pace,2013-09-12T04:24:29Z,1046,13953,1840,287,MIT License,CSS
90563585,cheat.sh,2017-05-07T21:40:56Z,3472,13932,630,23,MIT License,Python
7693799,ui-router,2013-01-18T20:26:29Z,12035,13913,3348,356,MIT License,TypeScript
46622323,You-Dont-Need-jQuery,2015-11-21T16:02:26Z,498,13899,1301,14,MIT License,JavaScript
109343098,open-source-mac-os-apps,2017-11-03T02:35:33Z,3203,13895,807,13,Creative Commons Zero v1.0 Universal,Swift
5084750,PhotoView,2012-07-17T16:39:00Z,16771,13885,3421,92,Apache License 2.0,Java
21234201,mojs,2014-06-26T08:49:14Z,137427,13883,723,94,null,JavaScript
38934449,react-redux,2015-07-11T17:32:01Z,1535,13875,2185,19,MIT License,JavaScript
115675788,wechat_jump_game,2017-12-29T02:00:19Z,26965,13868,4849,25,Apache License 2.0,Python
18964487,es6tutorial,2014-04-20T13:06:28Z,4598,13865,6192,0,Other,JavaScript
73681508,wepy,2016-11-14T08:06:56Z,6065,13861,1938,137,Other,JavaScript
52113921,draft-js,2016-02-19T20:18:26Z,8621,13839,1479,543,Other,JavaScript
1420053,guzzle,2011-02-28T02:44:05Z,8649,13829,1814,242,MIT License,PHP
1234714,elixir,2011-01-09T08:43:57Z,37758,13829,2011,35,Apache License 2.0,Elixir
84009,jasmine,2008-12-02T23:46:37Z,8404,13829,2047,43,null,JavaScript
139824423,100-Days-Of-ML-Code,2018-07-05T09:11:43Z,10964,13823,2536,27,MIT License,null
7548986,framework,2013-01-10T21:27:28Z,34914,13816,5766,294,MIT License,PHP
39122628,tips,2015-07-15T07:24:48Z,311,13783,1167,15,MIT License,JavaScript
41654081,macOS-Security-and-Privacy-Guide,2015-08-31T03:36:35Z,2049,13767,945,15,MIT License,Python
15045751,compose,2013-12-09T11:40:58Z,10728,13754,2103,592,Apache License 2.0,Python
10851820,ramda,2013-06-21T20:32:35Z,6907,13748,901,227,MIT License,JavaScript
6064342,lime,2012-10-03T18:10:02Z,2129,13742,1085,19,"BSD 2-Clause ""Simplified"" License",null
29749635,data-science-ipython-notebooks,2015-01-23T19:38:29Z,48903,13730,4045,5,Other,Python
809601,handlebars.js,2010-07-31T18:54:46Z,2134,13713,1769,100,MIT License,JavaScript
15480067,react-bootstrap,2013-12-27T19:06:07Z,7535,13709,2254,103,MIT License,JavaScript
94498635,carbon,2017-06-16T02:50:28Z,1790,13699,621,22,MIT License,JavaScript
35640229,rollup,2015-05-14T22:26:28Z,7412,13658,586,202,MIT License,JavaScript
401025,hub,2009-12-05T22:15:25Z,5031,13610,1355,217,MIT License,Go
23338716,react-select,2014-08-26T04:27:45Z,13001,13602,2863,1006,MIT License,JavaScript
76838017,iina,2016-12-19T07:18:45Z,205580,13597,1060,473,GNU General Public License v3.0,Swift
32538871,gson,2015-03-19T18:21:20Z,10591,13590,2804,365,Apache License 2.0,Java
24812854,node-lessons,2014-10-05T09:57:08Z,2065,13573,4569,88,null,JavaScript
57222302,gym,2016-04-27T14:59:16Z,3526,13558,3374,439,Other,Python
33263118,uBlock,2015-04-01T17:51:11Z,99655,13553,1140,110,GNU General Public License v3.0,JavaScript
88011908,project-based-learning,2017-04-12T05:07:46Z,250,13534,1832,17,MIT License,null
3623050,homebrew-cask,2012-03-05T02:05:17Z,124598,13528,6441,84,"BSD 2-Clause ""Simplified"" License",Ruby
14003349,localForage,2013-10-31T00:10:06Z,4577,13515,783,126,Other,JavaScript
2056312,html2canvas,2011-07-16T01:05:58Z,9041,13498,2659,330,MIT License,JavaScript
31085130,lottie-web,2015-02-20T21:02:59Z,148455,13471,1122,308,MIT License,JavaScript
2293158,metasploit-framework,2011-08-30T06:13:20Z,358024,13470,7164,583,Other,Ruby
19620844,octotree,2014-05-09T18:15:20Z,62292,13467,1122,51,GNU Affero General Public License v3.0,JavaScript
57167764,xi-editor,2016-04-26T23:03:23Z,6024,13455,471,131,Apache License 2.0,Rust
380961,masonry,2009-11-21T21:04:56Z,1479,13450,2101,13,null,HTML
20541795,SnapKit,2014-06-05T21:13:40Z,2774,13434,1303,46,MIT License,Swift
20822291,SwiftGuide,2014-06-14T01:17:57Z,13583,13426,3386,8,null,Swift
16587283,xgboost,2014-02-06T17:28:03Z,9645,13424,5915,57,Other,C++
17728164,terraform,2014-03-13T22:25:48Z,138436,13418,4091,1538,Mozilla Public License 2.0,Go
14125254,consul,2013-11-04T22:15:27Z,63500,13411,2351,469,Mozilla Public License 2.0,Go
32726377,react-demos,2015-03-23T10:50:07Z,1236,13390,6015,0,null,JavaScript
79510167,pipenv,2017-01-20T00:44:02Z,213725,13366,935,137,MIT License,Python
11820425,parallax,2013-08-01T15:28:05Z,3759,13324,2017,29,Other,JavaScript
71948498,localstack,2016-10-25T23:48:03Z,1820,13303,843,282,Other,Python
16089035,wekan,2014-01-21T01:26:28Z,8337,13296,1873,275,MIT License,JavaScript
4307108,nsq,2012-05-12T14:37:08Z,10860,13291,1741,54,MIT License,Go
1607357,superagent,2011-04-13T02:29:45Z,2469,13288,1143,112,MIT License,JavaScript
11116372,keystone,2013-07-02T05:01:55Z,148921,13288,2135,331,MIT License,JavaScript
1195004,angular-seed,2010-12-24T06:07:50Z,14334,13284,7506,22,MIT License,JavaScript
80149262,react-navigation,2017-01-26T19:51:40Z,11513,13279,2864,124,Other,JavaScript
1207300,statsd,2010-12-30T00:09:50Z,2101,13272,1741,90,MIT License,JavaScript
21552971,awesome-shell,2014-07-07T01:57:42Z,548,13251,1247,20,Creative Commons Zero v1.0 Universal,null
5362524,source-code-pro,2012-08-09T23:14:02Z,128970,13238,1116,36,SIL Open Font License 1.1,Python
13142126,riot,2013-09-27T05:21:01Z,8962,13223,990,29,Other,JavaScript
114523184,JCSprout,2017-12-17T09:06:50Z,695,13208,3192,10,MIT License,Java
67962648,vuetify,2016-09-12T00:39:35Z,15172,13156,1147,473,MIT License,JavaScript
124171501,mpvue,2018-03-07T03:09:25Z,7849,13147,1247,283,MIT License,JavaScript
33706598,react-native-guide,2015-04-10T03:34:17Z,125,13135,3221,0,null,null
43568832,Perfect,2015-10-02T18:20:08Z,5425,13127,947,42,Other,Swift
22394357,osquery,2014-07-29T20:27:33Z,16370,13115,1555,457,Other,C++
6256729,fks,2012-10-17T05:55:16Z,1764,13101,4307,8,null,JavaScript
59652928,ngx-admin,2016-05-25T10:09:03Z,22151,13097,4384,317,MIT License,TypeScript
11507163,uikit,2013-07-18T16:00:26Z,42971,13086,1985,476,MIT License,CSS
58623321,flv.js,2016-05-12T08:34:31Z,999,13064,1960,127,Apache License 2.0,JavaScript
7240954,fonts,2012-12-19T13:31:50Z,20693,13064,1745,122,null,Shell
13473768,ionicons,2013-10-10T14:34:18Z,21333,13045,1458,247,MIT License,HTML
37448451,mattermost-server,2015-06-15T06:50:02Z,309532,13028,2330,166,Other,Go
93076012,chromeless,2017-06-01T16:11:11Z,1086,13026,562,192,MIT License,TypeScript
17107479,framework7,2014-02-23T12:15:53Z,40077,13011,2792,104,MIT License,CSS
658518,ipython,2010-05-10T04:46:06Z,71608,12999,3643,1051,Other,Python
2700159,druid,2011-11-03T05:12:51Z,53038,12995,5047,1038,Other,Java
67709808,react-native-elements,2016-09-08T14:21:41Z,29358,12978,1772,105,MIT License,JavaScript
571770,pandoc,2010-03-20T20:34:23Z,33281,12952,1493,508,Other,Haskell
53619303,f8app,2016-03-10T21:45:12Z,14278,12939,2493,16,Other,JavaScript
24841635,date-fns,2014-10-06T10:24:22Z,8576,12937,475,105,Other,JavaScript
619849,spf13-vim,2010-04-20T16:20:16Z,5905,12933,3586,348,Apache License 2.0,VimL
27382163,hexo-theme-next,2014-12-01T14:07:07Z,13300,12913,3544,75,MIT License,CSS
30161665,inferno,2015-02-01T22:07:38Z,34418,12910,584,28,MIT License,JavaScript
1381283,solarized,2011-02-18T05:18:27Z,34558,12897,3295,218,MIT License,Vim script
19542809,http-api-design,2014-05-07T17:00:37Z,138,12888,1047,31,Other,null
41592744,css-protips,2015-08-29T12:29:03Z,6829,12887,898,7,Creative Commons Zero v1.0 Universal,null
1213225,highlight.js,2011-01-01T23:47:21Z,8608,12872,2204,328,Other,JavaScript
49009950,HowToBeAProgrammer,2016-01-04T16:47:54Z,648,12872,1170,7,null,null
29261473,minio,2015-01-14T19:23:58Z,41864,12864,1143,142,Apache License 2.0,Go
21265042,AsyncDisplayKit,2014-06-27T05:29:02Z,131026,12831,2257,19,Other,Objective-C++
45147841,prepack,2015-10-28T23:25:08Z,17384,12809,414,232,Other,JavaScript
115478820,awesome-scalability,2017-12-27T03:46:40Z,513,12750,1112,1,null,null
805461,mysql,2010-07-29T14:58:13Z,2401,12740,1809,127,MIT License,JavaScript
74073233,algorithms,2016-11-17T22:32:08Z,1169,12723,2181,21,MIT License,Python
65678789,webpack-dashboard,2016-08-14T17:44:33Z,418,12712,369,29,MIT License,JavaScript
2055965,swagger-ui,2011-07-15T22:56:39Z,241677,12707,5898,245,Other,JavaScript
10365411,medium-editor,2013-05-29T17:40:11Z,10352,12689,1541,278,Other,JavaScript
2336578,bootstrap-sass,2011-09-06T18:58:49Z,3145,12684,3425,0,MIT License,Ruby
760732,fmdb,2010-07-06T22:50:17Z,1244,12672,2753,239,Other,Objective-C
38366638,reselect,2015-07-01T11:06:45Z,520,12630,402,43,MIT License,JavaScript
8986773,stackedit,2013-03-24T13:46:06Z,36788,12629,1973,369,Apache License 2.0,JavaScript
49935814,ItChat,2016-01-19T07:49:48Z,953,12573,3077,89,Other,Python
81080671,lectures,2017-02-06T11:32:46Z,48981,12572,2854,10,null,null
28513398,Spring,2014-12-26T14:57:02Z,888,12568,1448,152,MIT License,Swift
2206953,commander.js,2011-08-14T21:33:58Z,590,12545,948,254,MIT License,JavaScript
33486016,Kingfisher,2015-04-06T14:26:21Z,10775,12539,1374,55,MIT License,Swift
29112049,ZeroNet,2015-01-12T00:41:38Z,10345,12534,1636,431,GNU General Public License v2.0,Python
52677592,awesome-tensorflow,2016-02-27T17:00:27Z,205,12529,2175,22,Creative Commons Zero v1.0 Universal,null
84703916,awesome-blockchain-cn,2017-03-12T06:02:46Z,176,12526,2347,7,Apache License 2.0,JavaScript
28699471,awesome-remote-job,2015-01-02T00:31:34Z,642,12496,1216,7,null,null
4044891,realm-cocoa,2012-04-16T20:06:56Z,53063,12493,1608,359,Other,Objective-C
101394335,ant-design-pro,2017-08-25T10:40:44Z,27232,12489,2328,46,MIT License,JavaScript
5625464,pyenv,2012-08-31T06:57:52Z,3250,12486,1085,162,MIT License,Shell
9354478,YYKit,2013-04-10T19:47:33Z,56960,12451,3301,208,MIT License,Objective-C
519832,mitmproxy,2010-02-16T04:10:13Z,44980,12449,1625,149,MIT License,Python
67481986,tinker,2016-09-06T06:57:52Z,4111,12448,2559,64,Other,Java
16072585,phoenix,2014-01-20T14:14:11Z,9697,12418,1522,32,MIT License,Elixir
23112526,Android-CleanArchitecture,2014-08-19T14:09:26Z,5182,12407,2931,136,Apache License 2.0,Java
326688,mustache.js,2009-10-04T23:41:19Z,1299,12403,2230,84,MIT License,JavaScript
3390243,servo,2012-02-08T19:07:25Z,601643,12384,1956,2433,Mozilla Public License 2.0,Rust
89012427,react-sketchapp,2017-04-21T18:27:39Z,3989,12381,644,46,MIT License,JavaScript
58034548,flexbox-layout,2016-05-04T08:11:22Z,49084,12350,1349,39,Apache License 2.0,Kotlin
92807616,English-level-up-tips-for-Chinese,2017-05-30T07:18:52Z,27639,12349,1351,9,null,null
1093228,cocos2d-x,2010-11-18T23:17:00Z,935398,12331,6574,1254,null,C++
24297122,awesome-docker,2014-09-21T17:01:48Z,3982,12309,1388,4,Apache License 2.0,null
11061773,eslint,2013-06-29T23:59:48Z,18531,12293,2110,360,MIT License,JavaScript
45055693,etcher,2015-10-27T16:53:23Z,88480,12285,627,282,Apache License 2.0,JavaScript
3431193,yii2,2012-02-13T15:32:36Z,70201,12284,6621,1049,"BSD 3-Clause ""New"" or ""Revised"" License",PHP
5101141,jq,2012-07-18T19:57:25Z,5492,12281,705,417,Other,C
45431898,react-virtualized,2015-11-03T00:48:07Z,45255,12265,1391,127,MIT License,JavaScript
145803079,windows95,2018-08-23T05:04:38Z,947,12262,692,44,Other,JavaScript
22607013,amazeui,2014-08-04T14:23:37Z,20647,12251,2508,79,Other,JavaScript
6731432,shellcheck,2012-11-17T03:15:11Z,3290,12247,624,362,GNU General Public License v3.0,Haskell
781028,node-inspector,2010-07-17T23:20:19Z,7522,12242,762,226,"BSD 2-Clause ""Simplified"" License",JavaScript
59010815,mint-ui,2016-05-17T09:54:10Z,3064,12237,2632,223,MIT License,Vue
4793392,sqlmap,2012-06-26T09:52:15Z,62403,12234,2709,52,Other,Python
24186761,anko,2014-09-18T12:12:23Z,15232,12224,970,202,Apache License 2.0,Kotlin
931039,browserify,2010-09-22T16:11:32Z,2413,12209,1071,328,Other,JavaScript
71583602,cs-video-courses,2016-10-21T17:02:11Z,309,12197,1453,2,null,null
20106153,MJRefresh,2014-05-23T16:22:32Z,13884,12196,3440,631,MIT License,Objective-C
1614410,FFmpeg,2011-04-14T14:12:38Z,217818,12174,4841,2,Other,C
31168578,functional-programming-jargon,2015-02-22T16:04:42Z,247,12153,680,22,MIT License,null
82729529,python-fire,2017-02-21T21:35:07Z,560,12148,667,41,Other,Python
6988020,js-xlsx,2012-12-03T19:25:52Z,43501,12139,2711,140,Apache License 2.0,JavaScript
97249406,wtfjs,2017-07-14T15:42:12Z,259,12126,768,13,Do What The F*ck You Want To Public License,JavaScript
10309334,N-blog,2013-05-27T06:46:58Z,10721,12072,4398,2,null,JavaScript
12358097,IQKeyboardManager,2013-08-25T11:32:48Z,22050,12060,1967,39,MIT License,Objective-C
46342224,skill-map,2015-11-17T11:17:38Z,33939,12041,3110,69,null,HTML
30794868,plyr,2015-02-14T11:33:07Z,28659,12040,1247,147,MIT License,JavaScript
51980455,alacritty,2016-02-18T05:02:30Z,3563,12034,498,386,Apache License 2.0,Rust
43797718,recompose,2015-10-07T05:54:51Z,1142,12016,1000,65,MIT License,JavaScript
31865176,Material-Animations,2015-03-08T20:54:00Z,8692,11997,2424,15,MIT License,Java
12732573,vim-plug,2013-09-10T14:58:51Z,8671,11990,507,54,MIT License,Vim script
41766002,amphtml,2015-09-01T22:10:53Z,496444,11972,2567,1408,Apache License 2.0,JavaScript
25050844,Carthage,2014-10-10T19:54:55Z,18593,11963,1132,128,Other,Swift
911765,diaspora,2010-09-15T05:20:04Z,104780,11953,2885,420,Other,Ruby
35756351,waifu2x,2015-05-17T07:29:15Z,524056,11948,1398,67,MIT License,Lua
47394776,lerna,2015-12-04T09:36:55Z,4810,11947,769,275,MIT License,JavaScript
17066884,pyspider,2014-02-21T19:18:47Z,3959,11942,2991,203,Apache License 2.0,Python
131582572,architecture.of.internet-product,2018-04-30T10:25:31Z,599861,11936,2273,6,null,null
22067521,imgui,2014-07-21T14:29:47Z,28600,11934,1611,305,MIT License,C++
402046,jsPDF,2009-12-06T14:56:32Z,57981,11933,2643,70,MIT License,JavaScript
5558246,stream-handbook,2012-08-26T07:24:04Z,618,11900,892,70,Other,JavaScript
46273445,uppy,2015-11-16T12:32:33Z,200522,11875,503,97,MIT License,JavaScript
1365679,tomorrow-theme,2011-02-14T15:43:03Z,4772,11868,2863,112,Other,CSS
2430537,grunt,2011-09-21T15:16:20Z,2672,11858,1541,134,Other,JavaScript
817345,git-extras,2010-08-04T16:32:07Z,1289,11820,887,106,MIT License,Shell
7613257,selenium,2013-01-14T21:40:56Z,1628092,11819,4260,479,Apache License 2.0,Java
501326,requirejs,2010-02-03T21:08:14Z,14737,11777,2244,229,Other,JavaScript
2909429,glances,2011-12-04T08:49:15Z,26711,11775,809,70,GNU Lesser General Public License v3.0,Python
6887813,crystal,2012-11-27T17:32:32Z,38149,11773,916,692,Other,Crystal
21065473,js-must-watch,2014-06-21T09:56:48Z,102,11752,836,15,Creative Commons Zero v1.0 Universal,null
29247444,blessed-contrib,2015-01-14T14:18:07Z,5279,11750,626,47,null,JavaScript
44998092,Aerial,2015-10-26T21:21:31Z,10135,11742,646,102,MIT License,Swift
50709152,iris,2016-01-30T04:36:48Z,27696,11741,1194,12,"BSD 3-Clause ""New"" or ""Revised"" License",Go
5344375,textmate,2012-08-08T16:25:52Z,17655,11730,1739,15,Other,Objective-C++
2253830,PHPMailer,2011-08-23T07:57:17Z,4653,11730,6473,29,GNU Lesser General Public License v2.1,PHP
125791597,CS-Interview-Knowledge-Map,2018-03-19T02:38:12Z,10951,11695,1495,5,null,null
743723,store.js,2010-06-27T20:29:33Z,485,11692,1203,66,MIT License,JavaScript
20537104,cayley,2014-06-05T18:49:41Z,18627,11670,1027,75,Apache License 2.0,Go
12488374,Best-App,2013-08-30T14:32:19Z,249,11647,1648,27,null,null
45456804,awesome-python-cn,2015-11-03T09:50:50Z,492,11635,4240,1,Other,Makefile
1431547,django-rest-framework,2011-03-02T17:13:56Z,39372,11632,3589,142,Other,Python
45261969,plaid,2015-10-30T16:10:56Z,32594,11629,2426,49,Apache License 2.0,Java
96641209,API-Security-Checklist,2017-07-08T20:01:38Z,257,11621,1052,11,MIT License,null
9325315,loopback,2013-04-09T16:02:18Z,8431,11619,1091,123,Other,JavaScript
18962767,Qix,2014-04-20T11:03:15Z,2009,11615,4527,0,Other,null
74175805,istio,2016-11-18T23:57:21Z,48502,11615,1688,910,Apache License 2.0,Go
1376664,monolog,2011-02-17T02:07:15Z,2408,11608,1414,31,MIT License,PHP
49594603,Public-APIs,2016-01-13T18:53:25Z,389,11581,913,3,null,null
20281866,ToolsOfTheTrade,2014-05-29T04:11:33Z,1131,11580,932,34,null,null
38307428,graphql-js,2015-06-30T12:16:50Z,4910,11573,936,83,MIT License,JavaScript
31504491,echo,2015-03-01T17:43:01Z,5096,11562,1022,146,MIT License,Go
12143585,Snap.svg,2013-08-15T20:51:34Z,3627,11557,1044,219,Apache License 2.0,JavaScript
6934395,rocksdb,2012-11-30T06:16:18Z,118306,11549,2538,214,Other,C++
30384844,react-canvas,2015-02-05T23:46:30Z,102,11529,912,76,"BSD 3-Clause ""New"" or ""Revised"" License",JavaScript
105036236,draggable,2017-09-27T15:31:23Z,3645,11526,497,73,MIT License,JavaScript
929845,sass,2010-09-22T06:16:55Z,13290,11512,1951,85,MIT License,Ruby
38377423,deepdream,2015-07-01T15:00:58Z,1416,11504,2913,7,Other,null
65388917,PythonDataScienceHandbook,2016-08-10T14:24:36Z,32392,11484,4486,64,Other,Jupyter Notebook
13753636,generator-jhipster,2013-10-21T20:07:22Z,33381,11479,2430,64,Apache License 2.0,JavaScript
942903,forever,2010-09-27T15:47:23Z,1370,11470,861,288,MIT License,JavaScript
22282353,Chameleon,2014-07-26T09:01:09Z,11765,11462,1104,41,Other,Objective-C
37829238,Hack,2015-06-21T22:47:58Z,106581,11453,400,64,Other,Shell
71576450,guetzli,2016-10-21T15:13:18Z,472,11450,945,108,Apache License 2.0,C++
40508605,relay,2015-08-10T22:09:16Z,22269,11448,1103,179,MIT License,JavaScript
3112748,games,2012-01-05T19:48:55Z,510,11440,1510,200,null,null
15008072,quick-look-plugins,2013-12-07T15:43:33Z,4671,11440,413,4,null,null
37931301,react-redux-universal-hot-example,2015-06-23T16:39:21Z,7031,11437,2569,449,MIT License,JavaScript
7827081,predictionio,2013-01-25T19:42:32Z,36035,11427,1866,71,Apache License 2.0,Scala
77144337,faas,2016-12-22T12:51:39Z,22375,11424,840,65,MIT License,Go
1206546,winston,2010-12-29T18:49:51Z,2220,11399,1087,206,MIT License,JavaScript
1337658,Respond,2011-02-07T12:41:33Z,321,11387,3699,121,MIT License,JavaScript
69953445,zheng,2016-10-04T10:07:06Z,40992,11383,5679,25,MIT License,Java
2889328,WordPress,2011-12-01T07:05:17Z,187542,11381,6877,3,Other,PHP
1136075,iscroll,2010-12-03T19:03:44Z,1586,11378,3362,573,MIT License,JavaScript
2281775,WebViewJavascriptBridge,2011-08-28T02:25:27Z,514,11366,2464,43,MIT License,Objective-C
965782,validator.js,2010-10-06T06:58:48Z,3045,11361,976,32,MIT License,JavaScript
89187780,front-end-guide,2017-04-24T02:06:06Z,4181,11350,801,2,MIT License,JavaScript
51994692,electronic-wechat,2016-02-18T09:09:53Z,1102,11331,1953,199,MIT License,JavaScript
12512833,solved-by-flexbox,2013-08-31T23:04:51Z,1549,11327,928,20,MIT License,JavaScript
4524181,folly,2012-06-01T20:49:04Z,19818,11315,2763,132,Apache License 2.0,C++
82285884,AR.js,2017-02-17T10:27:59Z,323074,11312,1256,134,MIT License,JavaScript
10219106,mean,2013-05-22T12:15:47Z,7998,11301,3454,71,Other,JavaScript
62812261,kubernetes-the-hard-way,2016-07-07T14:15:27Z,654,11292,1785,26,Apache License 2.0,null
36836475,tmux,2015-06-03T23:32:55Z,9127,11279,777,3,Other,C
30203935,metabase,2015-02-02T19:25:47Z,82948,11273,1462,1934,Other,JavaScript
5604798,selectize.js,2012-08-29T18:31:57Z,2589,11255,2937,648,Apache License 2.0,JavaScript
20787122,postgrest,2014-06-13T00:23:00Z,2559,11247,499,80,MIT License,Haskell
448045,phpunit,2009-12-24T13:16:23Z,29756,11238,1655,64,Other,PHP
11075527,vim-airline,2013-06-30T18:49:56Z,2516,11231,810,28,MIT License,Vim script
30215630,kit,2015-02-03T00:01:19Z,6800,11228,1168,49,MIT License,Go
1538210,SVProgressHUD,2011-03-28T19:23:04Z,1087,11225,2277,65,MIT License,Objective-C
17372733,OpenAPI-Specification,2014-03-03T16:53:36Z,2102,11220,3740,399,Apache License 2.0,JavaScript
15116946,vue-router,2013-12-11T19:37:46Z,7658,11210,2997,137,MIT License,JavaScript
16852060,wiki,2014-02-14T23:05:17Z,3851,11200,1837,16,null,null
108395495,charts,2017-10-26T10:13:21Z,4996,11186,425,87,MIT License,JavaScript
11133743,Effeckt.css,2013-07-02T19:57:06Z,3896,11182,1526,30,MIT License,CSS
49609581,PowerShell,2016-01-13T23:41:35Z,42904,11181,1742,1631,Other,C#
85786010,deep-photo-styletransfer,2017-03-22T04:47:29Z,174265,11164,1134,26,null,Matlab
1116542,aria2,2010-11-27T09:41:48Z,28358,11158,1273,457,Other,C++
30675533,fonts,2015-02-11T23:34:54Z,458791,11157,1748,551,null,HTML
8257106,JSQMessagesViewController,2013-02-17T21:40:44Z,20414,11147,2846,2,Other,Objective-C
5101823,dashing,2012-07-18T21:01:40Z,2543,11121,1244,252,MIT License,JavaScript
1103607,jenkins,2010-11-22T21:21:23Z,108857,11113,4777,105,MIT License,Java
17829481,data,2014-03-17T13:49:17Z,76419,11108,4726,14,Creative Commons Attribution 4.0,Jupyter Notebook
76222419,mars,2016-12-12T04:39:54Z,51318,11106,2164,73,Other,C++
3744545,bootstrap-datepicker,2012-03-17T01:11:40Z,4741,11105,5002,752,Apache License 2.0,JavaScript
5683364,Mantle,2012-09-05T06:24:59Z,1497,11086,1463,100,Other,Objective-C
4839957,SlidingMenu,2012-06-30T05:14:23Z,32085,11081,5478,308,Apache License 2.0,Java
20818126,ExoPlayer,2014-06-13T21:19:18Z,77789,11080,3442,277,Apache License 2.0,Java
60630844,monaco-editor,2016-06-07T16:56:31Z,8136,11078,886,401,MIT License,JavaScript
67186968,chinese-poetry,2016-09-02T03:32:25Z,93281,11068,1696,21,MIT License,Python
61872036,dva,2016-06-24T09:06:16Z,880,11061,1870,111,MIT License,JavaScript
17575535,chartist-js,2014-03-09T22:40:07Z,11930,11055,2195,282,Other,JavaScript
19745004,odoo,2014-05-13T15:38:58Z,2154193,11052,8811,1718,Other,Python
95189138,p3c,2017-06-23T06:15:51Z,20191,11049,2376,33,Apache License 2.0,Kotlin
714074,pouchdb,2010-06-10T18:34:24Z,118860,11027,1110,37,Apache License 2.0,JavaScript
53639099,the-super-tiny-compiler,2016-03-11T04:19:18Z,26,11018,900,9,Creative Commons Attribution 4.0,JavaScript
78664391,create-react-native-app,2017-01-11T17:54:30Z,620,11001,1150,145,"BSD 3-Clause ""New"" or ""Revised"" License",JavaScript
65233633,pkg,2016-08-08T19:41:59Z,2264,10985,376,276,MIT License,JavaScript
96246170,apollo,2017-07-04T19:03:31Z,449136,10957,2981,251,Apache License 2.0,C++
71939872,blueprint,2016-10-25T21:17:50Z,70819,10930,779,254,Other,TypeScript
40808571,gotty,2015-08-16T09:48:33Z,6484,10927,691,55,MIT License,Go
38588153,awesome-redux,2015-07-05T23:33:49Z,596,10920,992,22,null,null
712530,fabric.js,2010-06-09T22:24:38Z,119705,10916,1795,317,Other,JavaScript
58157629,magenta,2016-05-05T20:10:40Z,27539,10896,2037,147,Apache License 2.0,Python
83516498,pytudes,2017-03-01T05:43:35Z,19325,10885,1214,3,MIT License,Jupyter Notebook
2139017,rbenv,2011-08-01T20:51:48Z,524,10875,993,39,MIT License,Shell
47561138,jstips,2015-12-07T15:35:12Z,5315,10873,695,13,GNU General Public License v3.0,null
10536180,AngularJS-Learning,2013-06-06T20:48:17Z,1125,10865,2239,9,null,null
50134307,es6-cheatsheet,2016-01-21T20:23:15Z,159,10864,801,5,null,JavaScript
11171548,json,2013-07-04T08:47:49Z,163301,10845,1740,27,MIT License,C++
2203645,CocoaPods,2011-08-14T00:10:53Z,56854,10839,1965,168,Other,Ruby
53133861,my-mac-os,2016-03-04T12:26:34Z,8620,10810,441,2,MIT License,CSS
15315789,Wox,2013-12-19T15:49:32Z,29759,10809,1074,498,MIT License,C#
1579809,iCarousel,2011-04-06T23:23:43Z,3896,10801,2439,377,Other,Objective-C
138547797,mkcert,2018-06-25T05:33:03Z,1742,10790,367,11,"BSD 3-Clause ""New"" or ""Revised"" License",Go
51071818,diff-so-fancy,2016-02-04T11:32:08Z,344,10788,222,17,MIT License,Perl
32866454,nuklear,2015-03-25T13:32:06Z,12577,10783,774,130,null,C
17803236,rclone,2014-03-16T16:19:57Z,118853,10749,831,606,MIT License,Go
801795,MagicalRecord,2010-07-27T23:58:18Z,8005,10742,1874,282,Other,Objective-C
56353740,minikube,2016-04-15T22:38:35Z,49897,10735,1548,305,Apache License 2.0,Go
19757917,vivus,2014-05-13T22:22:18Z,376,10729,912,5,MIT License,JavaScript
7874074,howler.js,2013-01-28T16:47:12Z,31910,10721,1216,240,MIT License,JavaScript
20446799,DZNEmptyDataSet,2014-06-03T14:50:31Z,12101,10710,1553,171,MIT License,Objective-C
2340549,playframework,2011-09-07T09:24:08Z,90132,10700,3615,407,Apache License 2.0,Scala
107119649,Screenshot-to-code-in-Keras,2017-10-16T11:41:48Z,51622,10697,1016,1,Other,Jupyter Notebook
80472665,best-resume-ever,2017-01-30T23:02:00Z,32703,10694,1255,25,MIT License,Vue
42586612,openface,2015-09-16T12:47:27Z,24492,10689,2558,3,Apache License 2.0,Lua
99234994,design-blocks,2017-08-03T13:22:43Z,103210,10663,855,32,Other,HTML
2888818,scala,2011-12-01T05:02:34Z,103578,10660,2517,95,"BSD 3-Clause ""New"" or ""Revised"" License",Scala
21467110,spaCy,2014-07-03T15:15:40Z,90678,10656,1753,270,MIT License,Python
15953199,youmightnotneedjquery,2014-01-16T00:21:17Z,342,10640,421,102,MIT License,HTML
18405734,smartcrop.js,2014-04-03T14:21:19Z,21884,10637,517,11,MIT License,JavaScript
29900673,htaccess,2015-01-27T06:25:41Z,219,10632,1089,5,Other,null
478584,jsdom,2010-01-19T06:55:19Z,19039,10627,1012,253,MIT License,JavaScript
27835638,framework,2014-12-10T19:22:29Z,1854,10625,625,57,MIT License,JavaScript
11530283,JSVerbalExpressions,2013-07-19T14:59:46Z,821,10620,472,19,MIT License,JavaScript
36674234,material-theme,2015-06-01T16:41:04Z,18241,10600,762,4,Other,Python
138312,capistrano,2009-02-26T16:14:04Z,4165,10594,1677,46,MIT License,Ruby
1549138,CocoaLumberjack,2011-03-31T02:38:39Z,3853,10590,1886,118,Other,Objective-C
36205608,JSPatch,2015-05-25T02:37:22Z,7890,10586,2196,91,MIT License,Objective-C
5133949,swoole-src,2012-07-21T13:49:59Z,20755,10582,2309,35,Apache License 2.0,C
3374332,bootswatch,2012-02-07T04:31:56Z,45400,10577,3020,8,MIT License,JavaScript
32531480,js-cookie,2015-03-19T15:57:47Z,478,10575,1448,15,MIT License,JavaScript
43640830,react-native-macos,2015-10-04T15:22:01Z,84447,10572,448,42,Other,JavaScript
78186814,incubator-weex,2017-01-06T08:00:06Z,208466,10570,1407,64,Apache License 2.0,Java
58842707,algo,2016-05-15T03:42:48Z,2089,10565,859,63,MIT License,Python
12044132,bitcoinbook,2013-08-11T23:18:28Z,44001,10549,2983,88,Other,Python
13233158,obs-studio,2013-10-01T02:40:31Z,26769,10547,2327,85,GNU General Public License v2.0,C
18503721,yoga,2014-04-07T01:37:37Z,25921,10547,802,171,Other,C++
85225942,Become-A-Full-Stack-Web-Developer,2017-03-16T17:51:51Z,79,10545,1648,8,MIT License,null
478996,jquery-ui,2010-01-19T14:40:34Z,26513,10534,4900,41,Other,JavaScript
65219131,learn-anything,2016-08-08T16:09:17Z,77559,10533,676,5,MIT License,JavaScript
13862381,Telegram,2013-10-25T14:08:10Z,155063,10533,4160,359,GNU General Public License v2.0,Java
1790564,handsontable,2011-05-23T22:38:58Z,57823,10520,2073,529,MIT License,JavaScript
24420506,v8,2014-09-24T15:24:30Z,848902,10518,2123,0,Other,C++
23301468,AndroidSwipeLayout,2014-08-25T04:09:33Z,399,10514,2555,335,MIT License,Java
36256540,css-modules,2015-05-25T21:54:47Z,43,10505,343,63,null,null
53631945,ripgrep,2016-03-11T02:02:33Z,2834,10502,433,25,Other,Rust
2626751,greenDAO,2011-10-22T16:15:14Z,7159,10496,2656,151,null,Java
16005410,CircleImageView,2014-01-17T16:44:46Z,971,10494,2533,8,Apache License 2.0,Java
189840,fabric,2009-05-01T01:14:24Z,18903,10492,1647,261,"BSD 2-Clause ""Simplified"" License",Python
3116751,androidannotations,2012-01-06T08:48:03Z,21918,10477,2475,84,Other,Java
1053270,fig-standards,2010-11-05T04:44:12Z,2702,10474,2711,22,Other,null
184460,celery,2009-04-24T11:31:24Z,46559,10469,2857,381,Other,Python
40511756,flatpickr,2015-08-10T23:52:45Z,5544,10468,809,151,MIT License,TypeScript
40013435,redux-form,2015-07-31T16:07:03Z,6851,10465,1337,362,MIT License,JavaScript
2826918,CocoaAsyncSocket,2011-11-22T10:25:54Z,2132,10430,2609,330,Other,Objective-C
33538019,awesome-ios-ui,2015-04-07T11:01:23Z,144858,10427,1320,14,null,null
45936895,wp-calypso,2015-11-10T20:00:16Z,108479,10424,1470,1541,GNU General Public License v2.0,JavaScript
4702560,PHPExcel,2012-06-18T15:30:27Z,21933,10423,3580,660,Other,PHP
58836534,algorithm-visualizer,2016-05-15T00:27:45Z,19602,10420,1460,8,MIT License,JavaScript
62615465,You-Dont-Need-JavaScript,2016-07-05T07:30:42Z,7052,10415,616,24,Other,CSS
7544081,Magnific-Popup,2013-01-10T16:09:24Z,1873,10408,2831,603,MIT License,JavaScript
3282,nerdtree,2008-03-10T07:34:08Z,1402,10403,1035,54,Do What The F*ck You Want To Public License,Vim script
37153337,react-native-web,2015-06-09T19:25:38Z,18967,10395,839,49,MIT License,JavaScript
70202506,dep,2016-10-07T00:04:51Z,12392,10386,778,400,Other,Go
434430,vim-pathogen,2009-12-13T20:59:18Z,96,10384,1137,23,null,Vim script
96689748,pell,2017-07-09T14:30:51Z,1098,10374,473,47,MIT License,JavaScript
38003903,react-redux-starter-kit,2015-06-24T18:38:28Z,1190,10360,2412,130,MIT License,JavaScript
1274749,history.js,2011-01-20T14:10:05Z,3083,10350,1449,232,Other,JavaScript
4279682,fish-shell,2012-05-10T03:00:55Z,45192,10346,974,494,Other,Shell
49020217,react-howto,2016-01-04T20:10:18Z,192,10344,719,40,null,null
14812739,libuv,2013-11-30T00:29:56Z,13478,10341,1689,173,Other,C
13855476,gorm,2013-10-25T08:31:38Z,4691,10328,1192,206,MIT License,Go
21561301,BaiduExporter,2014-07-07T07:37:07Z,5619,10320,1655,9,GNU General Public License v3.0,JavaScript
5508088,svgo,2012-08-22T10:41:43Z,1386,10309,770,254,Other,JavaScript
41215439,Material,2015-08-22T16:21:53Z,33837,10307,1099,10,"BSD 3-Clause ""New"" or ""Revised"" License",Swift
1388245,android-async-http,2011-02-20T03:25:07Z,2488,10307,4336,241,null,Java
75642389,material-components-web,2016-12-05T16:04:09Z,69330,10303,1233,326,MIT License,JavaScript
508845,RestKit,2010-02-09T01:14:06Z,43459,10303,2252,355,Apache License 2.0,Objective-C
41912791,v2ray-core,2015-09-04T11:42:53Z,25946,10297,2221,60,MIT License,Go
4598984,SwitchyOmega,2012-06-08T15:32:30Z,1893,10290,1737,67,GNU General Public License v3.0,CoffeeScript
2990192,Signal-Android,2011-12-15T20:01:12Z,142397,10274,2698,237,GNU General Public License v3.0,Java
34275705,redox,2015-04-20T17:35:19Z,4589,10271,675,187,MIT License,Shell
13975314,martini,2013-10-30T02:34:07Z,496,10259,1062,3,MIT License,Go
2945088,revel,2011-12-09T04:10:26Z,2568,10251,1261,75,MIT License,Go
29703871,stetho,2015-01-22T22:34:10Z,2126,10250,926,46,Other,Java
51648174,30DaysofSwift,2016-02-13T14:02:12Z,169715,10246,1926,6,null,Swift
4814354,LightTable,2012-06-27T22:32:43Z,13202,10242,877,154,MIT License,Clojure
84476389,react-loadable,2017-03-09T18:41:17Z,282,10242,447,27,Other,JavaScript
908893,node_redis,2010-09-14T02:05:09Z,2098,10238,1236,59,Other,JavaScript
31929346,android-UniversalMusicPlayer,2015-03-10T00:04:35Z,8178,10228,3197,15,Apache License 2.0,Kotlin
4008931,hosts,2012-04-12T20:22:50Z,83917,10218,927,51,MIT License,Python
59720190,sanic,2016-05-26T04:38:22Z,1512,10214,943,192,MIT License,Python
92287968,cheatsheets-ai,2017-05-24T12:06:56Z,27532,10212,2371,6,MIT License,null
22765472,dashboards,2014-08-08T17:16:17Z,2185,10195,1315,5,MIT License,HTML
13527761,browser-sync,2013-10-12T19:35:45Z,4564,10188,640,403,Apache License 2.0,JavaScript
126147399,ReLaXed,2018-03-21T08:33:48Z,836,10184,336,27,ISC License,JavaScript
24579238,vue-devtools,2014-09-29T03:52:07Z,7020,10180,1437,82,MIT License,JavaScript
19953044,flatbuffers,2014-05-19T18:33:01Z,7282,10179,1597,301,Apache License 2.0,C++
35732214,SwiftLint,2015-05-16T16:59:31Z,7878,10176,1014,252,MIT License,Swift
106995,sinatra,2009-01-14T01:27:30Z,6361,10172,1823,89,MIT License,Ruby
2560988,karma,2011-10-12T07:55:46Z,7415,10164,1527,366,MIT License,JavaScript
35810174,electron-react-boilerplate,2015-05-18T09:54:57Z,7501,10159,1633,79,MIT License,JavaScript
9603714,Alcatraz,2013-04-22T16:40:10Z,9153,10153,1250,39,MIT License,Objective-C
125596489,docz,2018-03-17T04:24:10Z,2213,10144,253,36,MIT License,TypeScript
69164196,prisma,2016-09-25T12:54:40Z,23310,10143,572,441,Apache License 2.0,Scala
27574418,nerd-fonts,2014-12-05T04:31:17Z,3895364,10128,566,70,MIT License,CSS
21931810,webpack-howto,2014-07-17T06:55:48Z,469,10126,762,55,null,JavaScript
10518659,co,2013-06-06T04:06:16Z,437,10110,688,42,MIT License,JavaScript
31288958,vault,2015-02-25T00:15:59Z,94655,10090,1526,299,Mozilla Public License 2.0,Go
1280180,phabricator,2011-01-21T22:08:29Z,133927,10087,1301,0,Apache License 2.0,PHP
768345,spectacle,2010-07-11T01:58:03Z,12707,10083,547,113,Other,Objective-C
80990461,ML-From-Scratch,2017-02-05T12:11:23Z,543,10081,1543,11,MIT License,Python
5724990,Carbon,2012-09-08T02:56:20Z,4019,10080,983,3,MIT License,PHP
13030144,ScrollMagic,2013-09-23T08:08:53Z,4654,10076,1634,408,Other,JavaScript
32157172,gfwlist,2015-03-13T13:24:56Z,65364,10076,1983,160,GNU Lesser General Public License v2.1,null
56315715,NativeBase,2016-04-15T11:37:23Z,19437,10073,1121,48,Apache License 2.0,JavaScript
7833168,kibana,2013-01-26T04:00:59Z,454138,10062,3905,3409,Other,JavaScript
13926404,redash,2013-10-28T13:19:39Z,11478,10062,1564,406,"BSD 2-Clause ""Simplified"" License",Python
1300192,Spoon-Knife,2011-01-27T19:30:43Z,1407736,10048,100053,12576,null,HTML
38565895,redux-devtools,2015-07-05T10:58:49Z,345,10043,713,62,MIT License,JavaScript
2162719,ievms,2011-08-05T21:34:06Z,149,10035,534,82,null,Shell
11855195,chalk,2013-08-03T00:20:12Z,639,10034,359,12,MIT License,JavaScript
18440563,PromiseKit,2014-04-04T13:54:37Z,3791,10028,935,10,MIT License,Swift
31829770,angular-starter,2015-03-07T22:25:10Z,4306,10021,5447,68,MIT License,JavaScript
15464772,card,2013-12-27T02:31:51Z,1413,10017,1146,94,MIT License,CSS
907410,jquery-mobile,2010-09-13T15:02:22Z,133531,10016,2599,158,Other,JavaScript
104337773,chinese-independent-developer,2017-09-21T11:08:23Z,417,10015,932,2,null,null
25659723,dotnet,2014-10-23T21:58:29Z,2758,10009,1582,105,MIT License,HTML
12104024,go,2013-08-14T08:33:55Z,1200,10009,4414,61,The Unlicense,null
5888353,luigi,2012-09-20T15:06:38Z,8779,10003,1715,71,Apache License 2.0,Python
1272424,nodemailer,2011-01-19T21:17:36Z,9588,10003,915,2,Other,JavaScript
2163263,hapi,2011-08-06T00:35:39Z,12694,9995,1044,4,Other,JavaScript
20773773,bazel,2014-06-12T16:00:38Z,504220,9993,1565,1497,Apache License 2.0,Java
20619036,pi-hole,2014-06-08T15:02:55Z,4276,9957,786,64,Other,Shell
61527215,react-in-patterns,2016-06-20T07:53:11Z,129240,9945,577,5,MIT License,JavaScript
17804584,java8-tutorial,2014-03-16T17:25:43Z,144,9941,2236,18,MIT License,Java
14376285,bitbar,2013-11-13T21:00:12Z,3664,9928,394,140,MIT License,Objective-C
11960085,headroom.js,2013-08-07T20:42:58Z,402,9915,858,36,MIT License,JavaScript
2155793,ViewPagerIndicator,2011-08-04T17:13:44Z,8657,9901,4296,215,null,Java
21796955,Design-Patterns-In-Swift,2014-07-13T18:15:14Z,1045,9900,1097,13,GNU General Public License v3.0,Swift
63935685,awesome-design,2016-07-22T08:06:02Z,193,9898,744,13,null,null
4084908,realm-java,2012-04-20T09:18:42Z,56786,9898,1559,410,Other,Java
30092893,coreclr,2015-01-30T22:10:02Z,241298,9898,2430,1857,Other,C#
28704549,flexbugs,2015-01-02T05:29:32Z,157,9893,324,71,MIT License,null
48296,raphael,2008-09-02T05:34:33Z,5748,9890,1531,354,MIT License,JavaScript
1548202,matomo,2011-03-30T21:18:17Z,197760,9889,1618,1730,GNU General Public License v3.0,PHP
72495579,gitea,2016-11-01T02:13:26Z,119425,9887,990,999,MIT License,Go
39013909,redux-thunk,2015-07-13T13:33:08Z,128,9879,485,0,MIT License,JavaScript
61421257,egg,2016-06-18T06:53:23Z,46703,9875,993,62,MIT License,JavaScript
60711512,LearningNotes,2016-06-08T16:09:17Z,655,9873,3523,81,null,null
8201256,websocketd,2013-02-14T14:52:55Z,1017,9869,599,24,"BSD 2-Clause ""Simplified"" License",Go
134017286,lazygit,2018-05-19T00:53:06Z,9191,9867,290,49,MIT License,Go
23062124,mui,2014-08-18T07:14:41Z,8032,9861,5193,295,MIT License,JavaScript
90792131,android-architecture-components,2017-05-09T21:09:14Z,2434,9860,2489,186,Apache License 2.0,Kotlin
54994103,popper.js,2016-03-29T17:00:47Z,4508,9858,629,57,MIT License,JavaScript
331603,vim-fugitive,2009-10-09T01:09:49Z,1153,9858,617,282,null,Vim script
1223029,n,2011-01-05T14:53:19Z,3000,9851,553,101,MIT License,Shell
21113349,AndroidViewAnimations,2014-06-23T03:53:13Z,288,9844,2131,47,MIT License,Java
32610336,logger,2015-03-20T22:30:12Z,1875,9842,1646,39,Apache License 2.0,Java
93956851,spellbook-of-modern-webdev,2017-06-10T18:03:21Z,337,9834,684,3,null,null
58327877,browsh,2016-05-08T19:34:15Z,1363,9830,238,70,GNU Lesser General Public License v2.1,JavaScript
76342242,rough,2016-12-13T09:12:55Z,5307,9828,292,6,MIT License,JavaScript
20799673,android-training-course-in-chinese,2014-06-13T09:46:16Z,96483,9820,2764,9,Apache License 2.0,JavaScript
29078997,roslyn,2015-01-11T02:39:03Z,445994,9819,2339,5075,Apache License 2.0,C#
80233816,lottie-react-native,2017-01-27T18:24:50Z,49496,9814,830,64,Apache License 2.0,Java
28723659,awesome-deep-learning,2015-01-02T19:28:35Z,247,9801,2900,15,null,null
40345658,recharts,2015-08-07T06:50:27Z,4925,9795,744,457,MIT License,JavaScript
53632140,micro,2016-03-11T02:06:28Z,7419,9757,396,183,Other,Go
17446152,2048,2014-03-05T16:03:26Z,572,9743,15849,93,MIT License,CSS
3502120,picturefill,2012-02-21T08:35:14Z,17450,9734,1076,36,MIT License,JavaScript
8989842,the-way-to-go_ZH_CN,2013-03-24T17:18:38Z,11169,9724,3147,9,null,Go
1338813,paper.js,2011-02-07T18:21:30Z,34234,9693,901,245,Other,JavaScript
103749180,cosmos,2017-09-16T12:07:05Z,15816,9677,2343,977,GNU General Public License v3.0,Jupyter Notebook
112235591,hacker101,2017-11-27T18:57:00Z,21384,9677,799,18,Other,Ruby
27388642,homebridge,2014-12-01T16:37:39Z,1514,9672,1211,191,Apache License 2.0,JavaScript
2609642,feathers,2011-10-19T22:45:16Z,5170,9672,355,51,MIT License,JavaScript
3880513,johnny-five,2012-03-30T20:09:52Z,92899,9657,1415,82,Other,JavaScript
20277829,FLEX,2014-05-29T00:58:29Z,7967,9642,1066,21,"BSD 3-Clause ""New"" or ""Revised"" License",Objective-C
3022431,backbone-fundamentals,2011-12-20T20:49:44Z,112069,9641,1573,73,null,JavaScript
6834703,FizzBuzzEnterpriseEdition,2012-11-24T00:14:41Z,284,9630,475,267,null,Java
32553922,android-tech-frontier,2015-03-20T00:36:37Z,41291,9622,3324,31,Apache License 2.0,null
30120110,MaterialDrawer,2015-01-31T17:37:10Z,21240,9603,1934,5,Apache License 2.0,Java
5880912,pomelo,2012-09-20T02:37:07Z,61040,9600,2548,109,MIT License,JavaScript
14734876,deeplearning4j,2013-11-27T02:03:28Z,592300,9591,4435,656,Apache License 2.0,Java
65083316,Awesome-Linux-Software,2016-08-06T13:16:29Z,3318,9578,826,9,null,Python
2211243,kafka,2011-08-15T18:06:16Z,72945,9577,5403,499,Apache License 2.0,Java
25201361,bytecode-viewer,2014-10-14T10:26:46Z,555646,9571,537,103,GNU General Public License v3.0,Java
1305114,sage,2011-01-29T03:12:09Z,5346,9567,2840,17,MIT License,PHP
312262,vimium,2009-09-20T07:08:19Z,5216,9562,1166,526,MIT License,CoffeeScript
16179237,virtual-dom,2014-01-23T17:12:21Z,808,9562,680,162,MIT License,JavaScript
2744972,ws,2011-11-09T22:32:45Z,8261,9541,1307,14,MIT License,JavaScript
341626,octopress,2009-10-18T21:41:32Z,170801,9537,2901,270,null,Ruby
54360307,uWebSockets,2016-03-21T04:39:40Z,2528,9534,819,27,zlib License,C++
22553797,grav,2014-08-02T18:29:10Z,13696,9524,941,249,MIT License,PHP
1554093,iTerm2-Color-Schemes,2011-04-01T04:01:46Z,64797,9523,2610,11,null,Python
137147386,pure-bash-bible,2018-06-13T01:39:33Z,403,9496,495,13,MIT License,Shell
92254860,pix2code,2017-05-24T05:51:41Z,776650,9494,894,0,Apache License 2.0,Python
38342221,graphql,2015-07-01T01:26:56Z,2093,9487,584,91,null,Shell
23689830,docker_practice,2014-09-05T04:06:39Z,12747,9486,3106,0,null,Python
1290701,waypoints,2011-01-25T07:46:22Z,1348,9485,1253,87,null,JavaScript
73929422,oni,2016-11-16T14:42:55Z,39457,9484,277,429,MIT License,TypeScript
26337322,rancher,2014-11-07T20:49:31Z,40254,9481,964,1691,Apache License 2.0,Go
45896779,tensorflow-zh,2015-11-10T07:59:30Z,44266,9476,3769,28,null,TeX
19249835,WebFundamentals,2014-04-28T18:45:45Z,1596764,9476,1867,373,Apache License 2.0,HTML
585285,gollum,2010-03-29T18:30:53Z,12301,9471,1429,97,MIT License,JavaScript
569041,curl,2010-03-18T22:32:22Z,55671,9468,2520,65,Other,C
19416551,sqlitebrowser,2014-05-04T01:54:44Z,13673,9468,1122,290,Other,C++
17814354,mithril.js,2014-03-17T01:59:39Z,9260,9451,705,152,MIT License,JavaScript
65411043,kap,2016-08-10T19:37:08Z,7256,9447,434,77,MIT License,JavaScript
23013268,Moya,2014-08-16T07:41:21Z,16840,9444,1094,42,MIT License,Swift
18666758,darknet,2014-04-11T07:59:16Z,6264,9443,5068,832,Other,C
1204214,stylus,2010-12-28T22:11:43Z,6440,9435,1047,223,MIT License,JavaScript
21779020,react-hot-loader,2014-07-12T23:49:43Z,2510,9428,641,44,MIT License,JavaScript
47495360,koel,2015-12-06T12:13:19Z,5288,9427,1063,57,MIT License,PHP
129860458,ivideo,2018-04-17T06:59:08Z,6751,9427,2662,42,MIT License,JavaScript
14187079,PNChart,2013-11-06T22:06:17Z,676,9415,1835,166,MIT License,Objective-C
68068967,primitive,2016-09-13T03:01:10Z,2340,9395,447,37,MIT License,Go
1613345,Dapper,2011-04-14T08:42:59Z,48960,9394,2596,316,Other,C#
3314,spree,2008-03-10T14:45:35Z,88867,9387,4171,106,Other,Ruby
1090311,logstash,2010-11-18T01:31:50Z,104746,9367,2537,1312,Other,Ruby
76931209,react-bits,2016-12-20T06:49:54Z,1020,9361,573,9,Creative Commons Attribution 4.0,null
4576305,zipkin,2012-06-06T18:26:16Z,41439,9358,1579,244,Apache License 2.0,Java
4095287,rubocop,2012-04-21T10:09:58Z,22843,9355,1877,317,MIT License,Ruby
51863547,handson-ml,2016-02-16T19:48:39Z,64063,9349,4890,17,Apache License 2.0,Jupyter Notebook
12785292,onepage-scroll,2013-09-12T14:07:28Z,1070,9347,2161,263,null,JavaScript
1173522,prezto,2010-12-16T08:07:04Z,2061,9347,3942,150,MIT License,Shell
35685034,react-native-vector-icons,2015-05-15T16:38:57Z,3419,9337,1006,124,MIT License,JavaScript
248523,syntastic,2009-07-11T04:05:54Z,4296,9336,1061,34,Do What The F*ck You Want To Public License,Vim script
33884891,incubator-airflow,2015-04-13T18:04:58Z,23711,9335,3150,337,Apache License 2.0,Python
48610662,acme.sh,2015-12-26T12:56:33Z,2872,9320,1147,357,null,Shell
4637221,powerline,2012-06-12T12:48:40Z,4051,9319,741,124,Other,Python
53266139,Boostnote,2016-03-06T17:06:07Z,13278,9317,815,579,Other,JavaScript
25427817,react-dnd,2014-10-19T13:29:28Z,28379,9304,1129,352,Other,TypeScript
2349728,PocketHub,2011-09-08T16:52:50Z,11415,9304,3705,125,Apache License 2.0,Java
94367677,formik,2017-06-14T19:50:59Z,2265,9298,467,120,MIT License,TypeScript
87335980,eos,2017-04-05T17:09:53Z,111058,9297,2661,638,MIT License,C++
10379607,goreplay,2013-05-30T09:29:07Z,12170,9296,884,112,Other,Go
26568234,android-Ultra-Pull-To-Refresh,2014-11-13T03:13:10Z,3474,9294,2835,172,MIT License,Java
26481815,animated-tab-bar,2014-11-11T11:20:04Z,9535,9281,1204,29,MIT License,Swift
15642233,convnetjs,2014-01-05T00:12:15Z,27806,9270,1850,63,MIT License,JavaScript
5569059,UglifyJS2,2012-08-27T09:31:03Z,8328,9245,1005,67,Other,JavaScript
12226786,sharp,2013-08-19T20:24:24Z,32110,9237,562,76,Apache License 2.0,JavaScript
8385616,toml,2013-02-24T03:03:57Z,2002,9234,483,14,MIT License,null
34808241,design,2015-04-29T17:36:05Z,1535,9231,539,110,Apache License 2.0,null
55763295,blur-admin,2016-04-08T08:30:20Z,87348,9224,2586,242,Other,JavaScript
59239347,portainer,2016-05-19T20:15:28Z,17373,9221,891,375,zlib License,HTML
10064545,systemjs,2013-05-14T20:45:48Z,9806,9220,782,101,MIT License,JavaScript
1308789,list.js,2011-01-30T12:29:56Z,3146,9219,819,143,MIT License,JavaScript
926544,Slim,2010-09-21T01:17:06Z,5603,9209,1812,55,MIT License,PHP
3567641,zxcvbn,2012-02-28T03:25:54Z,16189,9209,577,73,MIT License,CoffeeScript
77073851,grumpy,2016-12-21T17:49:01Z,1481,9208,549,81,Apache License 2.0,Go
1390248,salt,2011-02-20T20:16:56Z,416128,9206,4290,2668,Apache License 2.0,Python
795421,node-http-proxy,2010-07-24T18:30:12Z,1327,9204,1413,392,Other,JavaScript
5830987,joi,2012-09-16T16:38:06Z,3486,9199,773,77,Other,JavaScript
23404839,kitematic,2014-08-27T20:44:59Z,26958,9190,1066,518,Apache License 2.0,JavaScript
1211978,isotope,2011-01-01T05:20:00Z,1655,9186,1390,22,null,HTML
19994257,delve,2014-05-20T19:24:43Z,19362,9185,773,115,MIT License,Go
